Ticker,Strategy,TotalReturn,MaxDD,SharpeD,Trades,WinRate,PF,Risk,breakout_lookback,exit_lookback,use_trend_filter,trend_ma_window,use_rsi_filter,rsi_period,rsi_enter_min,rsi_exit_max,stop_loss_pct,take_profit_pct,trailing_stop_pct,breakeven_atr_mult,cooldown_days_after_sl
SINCH,breakout,38.805795499529005,-0.48386183966962926,1.283897688098989,39,0.6666666666666666,3.201463770380788,4,15,15,True,50,False,14,0.0,,,0.2,,0.0,0
NIBE B,breakout,3.9502768814193034,-0.19085548206053315,1.12993585812675,43,0.3953488372093023,5.474164941797537,1,15,10,True,50,False,14,0.0,,0.08,0.15,,1.0,14
EVO,breakout,5.360512994060146,-0.35077158970211997,1.1287869267936388,47,0.44680851063829785,1.7584687976659412,3,15,15,True,100,False,14,0.0,,0.05,0.15,,0.0,0
ABB,breakout,1.7216764709846508,-0.1386132526843591,0.9923659890609241,35,0.5142857142857142,2.9928806510692785,1,15,10,True,50,False,14,0.0,,0.05,0.15,,0.0,0
SAAB B,breakout,3.291605348549414,-0.21841076856274422,0.9754167996170606,18,0.4444444444444444,5.088457477053038,2,20,10,True,150,False,14,0.0,,0.05,,,0.0,14
SCA B,breakout,1.2503597898174315,-0.16419691480320098,0.9026746970707392,82,0.5853658536585366,2.315887107459916,1,15,10,True,50,False,14,0.0,70.0,,,,1.0,14
HEXA B,breakout,1.3747421487170715,-0.21987472553832466,0.8300016382734042,29,0.41379310344827586,4.241202729975309,2,15,15,True,100,False,14,0.0,,0.08,0.15,,1.0,14
SKA B,breakout,1.4088246850506212,-0.2020704032850198,0.8164815493963422,90,0.6777777777777778,2.0173048711116435,2,15,15,False,50,False,14,0.0,70.0,,,0.1,0.0,0
BOL,breakout,1.5436351837441924,-0.22444348402234493,0.7795388510313621,85,0.6588235294117647,1.925829112890052,2,20,10,True,50,False,14,0.0,70.0,0.08,,,0.0,14
ALFA,breakout,1.3431859443262448,-0.22663787083653053,0.7527673922272804,33,0.5151515151515151,1.7968376613031694,2,15,15,True,50,False,14,0.0,,0.05,0.15,,0.0,0
ATCO A,breakout,1.0018070480446548,-0.13329641082889476,0.68791349526732,31,0.5483870967741935,2.4642396587640127,1,15,5,True,150,False,14,0.0,,,,,0.0,0
SWED A,breakout,0.9174860127136608,-0.2568348537652275,0.6320908605288855,31,0.3225806451612903,2.72412014215293,2,15,15,True,100,False,14,0.0,,0.08,0.2,,1.0,0
INVE B,breakout,0.6834010909461963,-0.1958805377940167,0.5718796299924529,26,0.5,1.8497662446814096,1,15,15,True,100,False,14,0.0,,0.05,,,0.0,14
TEL2 B,breakout,0.4269279595748643,-0.10156982776016288,0.5674223861844596,81,0.5925925925925926,1.9275276461295394,1,30,10,True,150,False,14,0.0,70.0,,,,1.0,14
ESSITY B,breakout,0.42890334443741773,-0.21408334575030907,0.484265923903474,77,0.6233766233766234,1.501490076723096,2,20,5,False,50,False,14,0.0,70.0,0.05,,,0.0,0
ATCO B,breakout,0.5800519197364093,-0.1959312243927055,0.480276327541077,38,0.39473684210526316,1.5064713225149462,1,15,5,True,150,False,14,0.0,,,0.15,,0.0,0
ELECTROLUX B,breakout,0.6970803987423029,-0.21142293281836244,0.4587653730239322,73,0.5205479452054794,1.321431521828924,3,15,5,False,50,True,14,50.0,70.0,0.05,,,0.0,0
VOLV B,breakout,0.656091813071036,-0.2477491446769161,0.4508268012762102,36,0.4166666666666667,1.6822981445287704,2,15,15,True,50,False,14,0.0,,0.08,0.15,,0.0,0
EPI A,breakout,0.4443147550748705,-0.2511839152624532,0.44866536493341796,61,0.5737704918032787,1.3229706390328155,3,30,15,True,100,False,14,0.0,70.0,,,,0.0,0
SEB A,breakout,0.549535916861057,-0.21138741982673748,0.42672251716484494,87,0.5172413793103449,1.3844462972788592,3,15,15,False,50,False,14,0.0,70.0,,0.2,,0.0,0
ASSA B,breakout,0.24900137094789399,-0.17860319367700894,0.32404676781779734,72,0.625,1.4029738248595296,2,20,15,True,150,False,14,0.0,70.0,0.05,,0.1,0.0,14
KINV B,breakout,0.25066199097597464,-0.23458958260853824,0.3199330308516126,25,0.28,1.170391637453801,3,15,5,True,150,False,14,0.0,,0.08,0.15,,1.0,14
ERIC B,breakout,0.2515248597088655,-0.31367867257283644,0.2998129089560598,54,0.5,1.435022603364312,4,30,10,True,150,False,14,0.0,70.0,0.08,,,1.0,14
SKF B,breakout,0.358855819766176,-0.3888218826689288,0.29636502635363976,64,0.578125,1.1777205408886018,4,15,15,False,50,False,14,0.0,70.0,,,,0.0,0
EPRO B,breakout,0.241595159616649,-0.4732856381385142,0.2849171359839818,31,0.3548387096774194,1.0374028157175883,5,15,5,False,50,False,14,0.0,,,,,0.0,0
SAND,breakout,0.27998783473610955,-0.34558030985060206,0.2820865160549849,90,0.4444444444444444,1.1457480673033191,4,15,15,False,50,False,14,0.0,70.0,,,,1.0,0
HM B,breakout,0.24792911495323522,-0.3302609572698083,0.24051709971901675,37,0.24324324324324326,1.4165992993802212,4,15,15,True,50,False,14,0.0,,,0.2,,1.0,0
SECU B,breakout,0.12656819202060676,-0.18207611767768372,0.21731586996740124,66,0.5909090909090909,1.2925285365835681,2,20,5,True,150,False,14,0.0,70.0,0.05,,,0.0,0
TELIA,breakout,0.07922784940790462,-0.10099655788322215,0.17697074949700103,73,0.589041095890411,1.0433127082341738,2,20,5,True,150,False,14,0.0,70.0,,,,0.0,0
SHB A,breakout,0.07900679486943862,-0.14694559398339402,0.15445946245133,29,0.13793103448275862,1.5774099318403103,1,20,10,True,150,False,14,0.0,,,,,1.0,14
