Ticker,Strategy,Start,End,breakout_lookback,exit_lookback,use_trend_filter,trend_ma_window,atr_period,use_atr_momentum,atr_momentum_mult,breakeven_atr_mult,stop_loss_pct,take_profit_pct,trailing_stop_pct,cooldown_days_after_sl,risk_per_trade_pct,Trades,WinRate,PF,AvgRet,TotalReturn,CAGR,MaxDD,SharpeD,YoY_min,YoY_max,YoY_mean,YoY_neg_years
ABB,breakout,2018-01-01,latest,20,10,True,100,14,True,0.5,0.0,0.06,0.2,,0,0.5,24,0.6666666666666666,4.092723308197433,0.038201624471641556,0.07432200523278332,0.00940937447675294,-0.014169711697477716,0.8600340963986801,-0.007293209628744468,0.0284279496646751,0.009978685771109988,1
ABB,breakout,2018-01-01,latest,20,10,True,100,14,True,0.5,0.0,0.06,0.15,,14,0.5,28,0.5714285714285714,2.7906488921429085,0.030932688355060665,0.06902406597425381,0.008757684605191551,-0.014169711697477494,0.822867845472242,-0.007293209628744468,0.028554410016197407,0.00926912861872937,1
ABB,breakout,2018-01-01,latest,20,10,True,100,14,True,0.5,0.0,0.06,0.15,0.08,14,0.5,28,0.5714285714285714,2.7906488921429085,0.030932688355060665,0.06902406597425381,0.008757684605191551,-0.014169711697477494,0.822867845472242,-0.007293209628744468,0.028554410016197407,0.00926912861872937,1
ABB,breakout,2018-01-01,latest,20,10,True,100,14,True,0.5,0.0,0.06,0.15,0.1,14,0.5,28,0.5714285714285714,2.7906488921429085,0.030932688355060665,0.06902406597425381,0.008757684605191551,-0.014169711697477494,0.822867845472242,-0.007293209628744468,0.028554410016197407,0.00926912861872937,1
ABB,breakout,2018-01-01,latest,20,10,True,100,14,True,0.5,0.0,0.08,0.2,0.08,14,0.5,24,0.6666666666666666,3.5509206184887865,0.03640398708078383,0.05249760090302669,0.00670659538428553,-0.013320878339962317,0.8099308670709602,-0.005480508231262227,0.021266979319590762,0.007092910304930803,2
ABB,breakout,2018-01-01,latest,20,10,True,100,14,True,0.5,0.0,0.08,0.2,0.1,14,0.5,24,0.6666666666666666,3.5509206184887865,0.03640398708078383,0.05249760090302669,0.00670659538428553,-0.013320878339962317,0.8099308670709602,-0.005480508231262227,0.021266979319590762,0.007092910304930803,2
ABB,breakout,2018-01-01,latest,20,10,True,100,14,True,0.5,0.0,0.06,0.12,0.08,0,0.5,29,0.5862068965517241,2.77818777357447,0.028220938820055778,0.06471341515158158,0.008225364338489305,-0.014169711697477494,0.7947028871812984,-0.007543151921592717,0.0282954706628733,0.008686634795426291,1
ABB,breakout,2018-01-01,latest,20,10,True,100,14,True,0.5,0.0,0.06,0.12,,0,0.5,29,0.5862068965517241,2.77818777357447,0.028220938820055778,0.06471341515158158,0.008225364338489305,-0.014169711697477494,0.7947028871812984,-0.007543151921592717,0.0282954706628733,0.008686634795426291,1
ABB,breakout,2018-01-01,latest,20,10,True,100,14,True,0.5,0.0,0.06,0.12,,14,0.5,29,0.5862068965517241,2.77818777357447,0.028220938820055778,0.06471341515158158,0.008225364338489305,-0.014169711697477494,0.7947028871812984,-0.007543151921592717,0.0282954706628733,0.008686634795426291,1
ABB,breakout,2018-01-01,latest,20,10,True,100,14,True,0.5,0.0,0.1,0.2,0.06,0,0.5,27,0.6296296296296297,2.8319682327564526,0.030226372614020686,0.03852611037366316,0.004950644219034572,-0.009757669103665934,0.7794660182574569,-0.0013044977150001857,0.016987716991356372,0.005210489569507807,1
ABB,breakout,2018-01-01,latest,20,10,True,100,14,True,0.5,0.0,0.1,0.2,0.06,14,0.5,27,0.6296296296296297,2.8319682327564526,0.030226372614020686,0.03852611037366316,0.004950644219034572,-0.009757669103665934,0.7794660182574569,-0.0013044977150001857,0.016987716991356372,0.005210489569507807,1
ABB,breakout,2018-01-01,latest,20,10,True,100,14,True,0.5,0.0,0.08,0.15,0.1,0,0.5,28,0.5714285714285714,2.5529061113988742,0.029391856305754045,0.04861322618431596,0.006220446837390758,-0.013320878339962428,0.7720047052864363,-0.005480508231262005,0.021366758523337692,0.0065628444432498855,2
ABB,breakout,2018-01-01,latest,20,10,True,100,14,True,0.5,0.0,0.08,0.15,0.08,14,0.5,28,0.5714285714285714,2.5529061113988742,0.029391856305754045,0.04861322618431596,0.006220446837390758,-0.013320878339962428,0.7720047052864363,-0.005480508231262005,0.021366758523337692,0.0065628444432498855,2
ABB,breakout,2018-01-01,latest,20,10,True,100,14,True,0.5,0.0,0.08,0.15,,0,0.5,28,0.5714285714285714,2.5529061113988742,0.029391856305754045,0.04861322618431596,0.006220446837390758,-0.013320878339962428,0.7720047052864363,-0.005480508231262005,0.021366758523337692,0.0065628444432498855,2
ABB,breakout,2018-01-01,latest,20,10,True,100,14,True,0.5,0.0,0.1,0.15,0.08,14,0.5,28,0.5714285714285714,2.556886790573004,0.029391856305754045,0.03876360337500917,0.004980663706664279,-0.010670504573516482,0.7719426987154995,-0.004389514988878407,0.017069890247629393,0.005249404450955627,2
ABB,breakout,2018-01-01,latest,20,10,True,100,14,True,0.5,0.0,0.1,0.15,0.08,0,0.5,28,0.5714285714285714,2.556886790573004,0.029391856305754045,0.03876360337500917,0.004980663706664279,-0.010670504573516482,0.7719426987154995,-0.004389514988878407,0.017069890247629393,0.005249404450955627,2
ABB,breakout,2018-01-01,latest,20,10,True,100,14,True,0.3,0.0,0.06,0.2,0.08,14,0.5,27,0.5925925925925926,2.869175896166122,0.030650289140600577,0.06578994169375485,0.008358479386172846,-0.017784603529837684,0.7446976059056952,-0.009097272690361535,0.028427949664675323,0.008829534821006726,1
ABB,breakout,2018-01-01,latest,20,10,True,100,14,True,0.3,0.0,0.06,0.2,0.1,14,0.5,27,0.5925925925925926,2.869175896166122,0.030650289140600577,0.06578994169375485,0.008358479386172846,-0.017784603529837684,0.7446976059056952,-0.009097272690361535,0.028427949664675323,0.008829534821006726,1
ABB,breakout,2018-01-01,latest,30,10,True,100,14,True,0.3,0.0,0.06,0.12,0.08,14,0.5,28,0.5357142857142857,2.8494046551990686,0.026821320358481334,0.05904996650564698,0.007523132512764263,-0.014013496154311689,0.743460553972678,-0.007543151921592717,0.022297928163027336,0.0082914993904348,1
ABB,breakout,2018-01-01,latest,30,10,True,100,14,True,0.3,0.0,0.06,0.12,0.08,0,0.5,28,0.5357142857142857,2.8494046551990686,0.026821320358481334,0.05904996650564698,0.007523132512764263,-0.014013496154311689,0.743460553972678,-0.007543151921592717,0.022297928163027336,0.0082914993904348,1
ABB,breakout,2018-01-01,latest,30,10,True,100,14,True,0.3,0.0,0.06,0.12,0.1,14,0.5,28,0.5357142857142857,2.8494046551990686,0.026821320358481334,0.05904996650564698,0.007523132512764263,-0.014013496154311689,0.743460553972678,-0.007543151921592717,0.022297928163027336,0.0082914993904348,1
ABB,breakout,2018-01-01,latest,30,10,True,100,14,True,0.3,0.0,0.06,0.12,0.1,0,0.5,28,0.5357142857142857,2.8494046551990686,0.026821320358481334,0.05904996650564698,0.007523132512764263,-0.014013496154311689,0.743460553972678,-0.007543151921592717,0.022297928163027336,0.0082914993904348,1
ABB,breakout,2018-01-01,latest,30,10,True,100,14,True,0.3,0.0,0.08,0.12,0.1,14,0.5,28,0.5357142857142857,2.849250071155497,0.026821320358481334,0.04406223276074428,0.005648872027738561,-0.010527696201605319,0.7432960626860582,-0.005658231093382371,0.016696233336850552,0.006217017847461236,1
ABB,breakout,2018-01-01,latest,30,10,True,100,14,True,0.3,0.0,0.1,0.12,,0,0.5,28,0.5357142857142857,2.849146636914861,0.026821320358481334,0.03514191548571466,0.004522226945191887,-0.008430608497019043,0.7431972450312176,-0.004526999961168343,0.013343930388434178,0.004972842798610243,1
ABB,breakout,2018-01-01,latest,30,10,True,100,14,True,0.3,0.0,0.1,0.12,0.1,0,0.5,28,0.5357142857142857,2.849146636914861,0.026821320358481334,0.03514191548571466,0.004522226945191887,-0.008430608497019043,0.7431972450312176,-0.004526999961168343,0.013343930388434178,0.004972842798610243,1
ABB,breakout,2018-01-01,latest,30,10,True,100,14,True,0.3,0.0,0.1,0.12,,14,0.5,28,0.5357142857142857,2.849146636914861,0.026821320358481334,0.03514191548571466,0.004522226945191887,-0.008430608497019043,0.7431972450312176,-0.004526999961168343,0.013343930388434178,0.004972842798610243,1
ABB,breakout,2018-01-01,latest,20,10,True,100,14,True,0.5,0.0,0.08,0.12,0.1,0,0.5,29,0.5862068965517241,2.529310943032139,0.026733238910380416,0.045421350224089,0.005819794700227865,-0.013320878339962539,0.7424844297963479,-0.005658231093382482,0.02116741195050298,0.0061240892671445045,2
ABB,breakout,2018-01-01,latest,20,10,True,100,14,True,0.5,0.0,0.08,0.12,0.08,0,0.5,29,0.5862068965517241,2.529310943032139,0.026733238910380416,0.045421350224089,0.005819794700227865,-0.013320878339962539,0.7424844297963479,-0.005658231093382482,0.02116741195050298,0.0061240892671445045,2
ABB,breakout,2018-01-01,latest,20,10,True,100,14,True,0.5,0.0,0.1,0.12,0.1,14,0.5,29,0.5862068965517241,2.5326866005065316,0.026733238910380416,0.03622422662190883,0.004659372835491338,-0.01067050457351637,0.7424096921435404,-0.004526999961168454,0.016907965037358474,0.0048976475440389855,2
ABB,breakout,2018-01-01,latest,20,10,True,100,14,True,0.5,0.0,0.1,0.12,,0,0.5,29,0.5862068965517241,2.5326866005065316,0.026733238910380416,0.03622422662190883,0.004659372835491338,-0.01067050457351637,0.7424096921435404,-0.004526999961168454,0.016907965037358474,0.0048976475440389855,2
ABB,breakout,2018-01-01,latest,20,10,True,100,14,True,0.5,0.0,0.06,0.15,0.06,0,0.5,30,0.5666666666666667,2.2990153502407886,0.02524479797188172,0.05906256406176924,0.007524698149290465,-0.015855956843284336,0.7334446400754868,-0.004728382522961816,0.02855441001619763,0.007915815051196,2
ABB,breakout,2018-01-01,latest,20,10,True,100,14,True,0.3,0.0,0.06,0.12,0.1,14,0.5,32,0.53125,2.496174762358293,0.025002650103671732,0.0625376633270518,0.007955969881446867,-0.01752829680588852,0.7311382566444036,-0.009346760758797923,0.0282954706628733,0.008388698351921606,1
ABB,breakout,2018-01-01,latest,20,10,True,100,14,True,0.3,0.0,0.06,0.12,,14,0.5,32,0.53125,2.496174762358293,0.025002650103671732,0.0625376633270518,0.007955969881446867,-0.01752829680588852,0.7311382566444036,-0.009346760758797923,0.0282954706628733,0.008388698351921606,1
ABB,breakout,2018-01-01,latest,20,10,True,100,14,True,0.3,0.0,0.06,0.12,0.08,0,0.5,32,0.53125,2.496174762358293,0.025002650103671732,0.0625376633270518,0.007955969881446867,-0.01752829680588852,0.7311382566444036,-0.009346760758797923,0.0282954706628733,0.008388698351921606,1
ABB,breakout,2018-01-01,latest,20,10,True,100,14,True,0.8,0.0,0.06,0.2,0.1,0,0.5,24,0.625,3.3801061978966134,0.03162054251984216,0.06036999351088834,0.007687098785268853,-0.013881652189594584,0.7204373380132456,-0.009659867891576579,0.023678872570316534,0.008088004338525714,1
ABB,breakout,2018-01-01,latest,30,10,True,100,14,True,0.5,0.0,0.08,0.12,,14,0.5,27,0.5185185185185185,2.516848436365538,0.02574910372907129,0.04055457862641476,0.005206853823029434,-0.010520559550739383,0.7055179459521979,-0.005658231093382482,0.016696233336850552,0.0057562089171861374,1
ABB,breakout,2018-01-01,latest,30,10,True,100,14,True,0.5,0.0,0.08,0.12,0.1,0,0.5,27,0.5185185185185185,2.516848436365538,0.02574910372907129,0.04055457862641476,0.005206853823029434,-0.010520559550739383,0.7055179459521979,-0.005658231093382482,0.016696233336850552,0.0057562089171861374,1
ABB,breakout,2018-01-01,latest,30,10,True,100,14,True,0.5,0.0,0.08,0.12,0.08,14,0.5,27,0.5185185185185185,2.516848436365538,0.02574910372907129,0.04055457862641476,0.005206853823029434,-0.010520559550739383,0.7055179459521979,-0.005658231093382482,0.016696233336850552,0.0057562089171861374,1
ABB,breakout,2018-01-01,latest,30,10,True,100,14,True,0.5,0.0,0.08,0.12,0.1,14,0.5,27,0.5185185185185185,2.516848436365538,0.02574910372907129,0.04055457862641476,0.005206853823029434,-0.010520559550739383,0.7055179459521979,-0.005658231093382482,0.016696233336850552,0.0057562089171861374,1
ABB,breakout,2018-01-01,latest,30,10,True,100,14,True,0.5,0.0,0.06,0.12,0.08,14,0.5,27,0.5185185185185185,2.5176443005510163,0.02574910372907129,0.05430480288212047,0.006932244110118724,-0.014004233911937947,0.7055179006986846,-0.007543151921592828,0.022297928163027336,0.007675930818046438,1
ABB,breakout,2018-01-01,latest,30,10,True,100,14,True,0.5,0.0,0.1,0.12,0.08,0,0.5,27,0.5185185185185185,2.5163611408815547,0.02574910372907129,0.03236017054624063,0.004169163187589753,-0.008424807389169064,0.7055178362577648,-0.004526999961168454,0.013343930388434178,0.004604612372752829,1
ABB,breakout,2018-01-01,latest,20,10,True,100,14,True,0.3,0.0,0.06,0.15,,0,0.5,31,0.5161290322580645,2.226116762792441,0.025059164303823125,0.06053407767352348,0.007707467988285144,-0.017428132536327468,0.7049642085226954,-0.009097272690361757,0.02855441001619763,0.008121024017678271,1
ABB,breakout,2018-01-01,latest,20,10,True,100,14,True,0.3,0.0,0.06,0.15,0.1,0,0.5,31,0.5161290322580645,2.226116762792441,0.025059164303823125,0.06053407767352348,0.007707467988285144,-0.017428132536327468,0.7049642085226954,-0.009097272690361757,0.02855441001619763,0.008121024017678271,1
ABB,breakout,2018-01-01,latest,20,10,True,100,14,True,0.3,0.0,0.06,0.15,,14,0.5,31,0.5161290322580645,2.226116762792441,0.025059164303823125,0.06053407767352348,0.007707467988285144,-0.017428132536327468,0.7049642085226954,-0.009097272690361757,0.02855441001619763,0.008121024017678271,1
ABB,breakout,2018-01-01,latest,20,10,True,100,14,True,0.3,0.0,0.06,0.15,0.1,14,0.5,31,0.5161290322580645,2.226116762792441,0.025059164303823125,0.06053407767352348,0.007707467988285144,-0.017428132536327468,0.7049642085226954,-0.009097272690361757,0.02855441001619763,0.008121024017678271,1
ABB,breakout,2018-01-01,latest,20,10,True,100,14,True,0.5,0.0,0.1,0.12,0.06,0,0.5,32,0.5625,2.180806355184853,0.022386485816532534,0.032868164462726224,0.004233700308955202,-0.009596711183902373,0.7043567112827716,-0.003332508525732636,0.016907965037358696,0.0044294281223210075,2
ABB,breakout,2018-01-01,latest,20,10,True,100,14,True,0.5,0.0,0.08,0.12,0.06,14,0.5,32,0.5625,2.17853040992959,0.022386485816532534,0.04119005324440361,0.005287029352716077,-0.011985126988220074,0.7043505881560835,-0.0041719224388651055,0.021167411950502757,0.0055372207181973365,2
ABB,breakout,2018-01-01,latest,30,10,True,100,14,True,0.5,0.0,0.06,0.2,0.08,0,0.5,23,0.5652173913043478,3.2273391885684504,0.0315964092577933,0.05775094061391162,0.007361601332072976,-0.014004233911937947,0.7011482670822803,-0.007293209628744357,0.02242963447987001,0.008140667123030727,1
ABB,breakout,2018-01-01,latest,30,10,True,100,14,True,0.5,0.0,0.06,0.2,0.08,14,0.5,23,0.5652173913043478,3.2273391885684504,0.0315964092577933,0.05775094061391162,0.007361601332072976,-0.014004233911937947,0.7011482670822803,-0.007293209628744357,0.02242963447987001,0.008140667123030727,1
ABB,breakout,2018-01-01,latest,30,10,True,100,14,True,0.5,0.0,0.08,0.2,0.1,0,0.5,23,0.5652173913043478,3.22491083755203,0.0315964092577933,0.043109073335982906,0.005528887222348011,-0.010520559550739383,0.7007160631951556,-0.005480508231262005,0.01679536475049548,0.0061057027253553775,1
ABB,breakout,2018-01-01,latest,30,10,True,100,14,True,0.5,0.0,0.08,0.2,,0,0.5,23,0.5652173913043478,3.22491083755203,0.0315964092577933,0.043109073335982906,0.005528887222348011,-0.010520559550739383,0.7007160631951556,-0.005480508231262005,0.01679536475049548,0.0061057027253553775,1
ABB,breakout,2018-01-01,latest,30,10,True,100,14,True,0.5,0.0,0.1,0.2,0.1,0,0.5,23,0.5652173913043478,3.223444821262723,0.0315964092577933,0.03438944894047924,0.004426804084185276,-0.008424807389169064,0.7004559254482481,-0.004389514988878407,0.01342340282969623,0.004884659633284581,1
ABB,breakout,2018-01-01,latest,20,10,True,100,14,True,0.8,0.0,0.06,0.15,0.08,0,0.5,25,0.6,2.9085759270859723,0.02854246590242515,0.05624157410981212,0.007173697979011573,-0.013881652189594584,0.696269087128053,-0.009659867891576801,0.023678872570316534,0.007529452861859036,1
ABB,breakout,2018-01-01,latest,20,10,True,100,14,True,0.8,0.0,0.06,0.15,0.1,14,0.5,25,0.6,2.9085759270859723,0.02854246590242515,0.05624157410981212,0.007173697979011573,-0.013881652189594584,0.696269087128053,-0.009659867891576801,0.023678872570316534,0.007529452861859036,1
ABB,breakout,2018-01-01,latest,20,10,True,100,14,True,0.8,0.0,0.06,0.15,0.1,0,0.5,25,0.6,2.9085759270859723,0.02854246590242515,0.05624157410981212,0.007173697979011573,-0.013881652189594584,0.696269087128053,-0.009659867891576801,0.023678872570316534,0.007529452861859036,1
ABB,breakout,2018-01-01,latest,20,10,True,100,14,True,0.8,0.0,0.06,0.12,,14,0.5,27,0.5555555555555556,2.556371325136785,0.026017845144098425,0.05491338194363404,0.007008156110919206,-0.013881652189594695,0.6895385954274607,-0.009909214310599435,0.023774450956540516,0.007350798683245381,1
ABB,breakout,2018-01-01,latest,20,10,True,100,14,True,0.8,0.0,0.06,0.12,,0,0.5,27,0.5555555555555556,2.556371325136785,0.026017845144098425,0.05491338194363404,0.007008156110919206,-0.013881652189594695,0.6895385954274607,-0.009909214310599435,0.023774450956540516,0.007350798683245381,1
ABB,breakout,2018-01-01,latest,20,10,True,100,14,True,0.8,0.0,0.06,0.12,0.1,0,0.5,27,0.5555555555555556,2.556371325136785,0.026017845144098425,0.05491338194363404,0.007008156110919206,-0.013881652189594695,0.6895385954274607,-0.009909214310599435,0.023774450956540516,0.007350798683245381,1
ABB,breakout,2018-01-01,latest,30,10,True,100,14,True,0.3,0.0,0.06,0.2,,14,0.5,24,0.5833333333333334,3.121096534706871,0.03000207580583576,0.05698283187721831,0.007266007445953404,-0.014013496154311689,0.6890382818657617,-0.007293209628744468,0.02242963447987001,0.008007342886509203,1
ABB,breakout,2018-01-01,latest,30,10,True,100,14,True,0.3,0.0,0.08,0.2,0.08,14,0.5,24,0.5833333333333334,3.1188385040566082,0.03000207580583576,0.04254182668976303,0.005457436313005104,-0.010527696201605319,0.6886188688504692,-0.005480508231262116,0.01679536475049548,0.006006022479602992,1
ABB,breakout,2018-01-01,latest,30,10,True,100,14,True,0.3,0.0,0.1,0.2,0.08,14,0.5,24,0.5833333333333334,3.117476643742381,0.03000207580583576,0.03393985601774352,0.004369760860895022,-0.008430608497019043,0.6883664109147826,-0.004389514988878518,0.013423402829696451,0.004805066374975099,1
ABB,breakout,2018-01-01,latest,30,10,True,100,14,True,0.3,0.0,0.1,0.2,,14,0.5,24,0.5833333333333334,3.117476643742381,0.03000207580583576,0.03393985601774352,0.004369760860895022,-0.008430608497019043,0.6883664109147826,-0.004389514988878518,0.013423402829696451,0.004805066374975099,1
ABB,breakout,2018-01-01,latest,30,10,True,100,14,True,0.3,0.0,0.1,0.2,0.1,0,0.5,24,0.5833333333333334,3.117476643742381,0.03000207580583576,0.03393985601774352,0.004369760860895022,-0.008430608497019043,0.6883664109147826,-0.004389514988878518,0.013423402829696451,0.004805066374975099,1
ABB,breakout,2018-01-01,latest,20,10,True,100,14,True,0.8,0.0,0.06,0.2,0.06,0,0.5,26,0.6153846153846154,2.759294853121208,0.02630723864416197,0.053424693623378205,0.006822394983484248,-0.010129633432539698,0.6789806644003671,-0.004542169302722443,0.023678872570316534,0.007141267717620818,2
ABB,breakout,2018-01-01,latest,20,10,True,100,14,True,0.8,0.0,0.1,0.2,0.06,14,0.5,26,0.6153846153846154,2.764274939620257,0.02630723864416197,0.03183864677137849,0.004102878463771109,-0.006083594946013182,0.6783742683084788,-0.0027339898736493673,0.014159083982428822,0.004283916024375912,2
ABB,breakout,2018-01-01,latest,20,10,True,100,14,True,0.3,0.0,0.06,0.2,0.06,0,0.5,30,0.5666666666666667,2.2730351668232567,0.024707600021042046,0.0575980389414823,0.007342576982767968,-0.021804082355234455,0.6774407088385467,-0.0027769209833989894,0.0284279496646751,0.007708722333652829,2
ABB,breakout,2018-01-01,latest,20,10,True,100,14,True,0.3,0.0,0.08,0.2,0.06,14,0.5,30,0.5666666666666667,2.2792150076507154,0.024707600021042046,0.0430160432619322,0.005517171384684438,-0.01639397450059532,0.6772675841459229,-0.0020848459644098316,0.021266979319590762,0.005784245222720046,2
ABB,breakout,2018-01-01,latest,20,10,True,100,14,True,0.3,0.0,0.1,0.2,0.06,14,0.5,30,0.5666666666666667,2.2829352422219267,0.024707600021042046,0.03432519486651908,0.004418653008595008,-0.01313487365844146,0.6771625893536837,-0.0016689189078786804,0.016987716991356372,0.00462870602767835,2
ABB,breakout,2018-01-01,latest,20,10,True,100,14,True,0.8,0.0,0.08,0.2,,14,0.5,24,0.625,2.9595060704289358,0.029822905128984428,0.042214486857794054,0.005416188906010477,-0.013104667987520746,0.6702676126385956,-0.007259467057596836,0.017721445910496625,0.0056777572066537075,2
ABB,breakout,2018-01-01,latest,20,10,True,100,14,True,0.8,0.0,0.08,0.2,,0,0.5,24,0.625,2.9595060704289358,0.029822905128984428,0.042214486857794054,0.005416188906010477,-0.013104667987520746,0.6702676126385956,-0.007259467057596836,0.017721445910496625,0.0056777572066537075,2
ABB,breakout,2018-01-01,latest,20,10,True,100,14,True,0.8,0.0,0.08,0.2,0.1,0,0.5,24,0.625,2.9595060704289358,0.029822905128984428,0.042214486857794054,0.005416188906010477,-0.013104667987520746,0.6702676126385956,-0.007259467057596836,0.017721445910496625,0.0056777572066537075,2
ABB,breakout,2018-01-01,latest,20,10,True,100,14,True,0.8,0.0,0.1,0.2,0.08,0,0.5,24,0.625,2.96377182715644,0.029822905128984428,0.03367737859798359,0.004336448413385208,-0.010497081440642098,0.6699585103791245,-0.005814591379165623,0.014159083982429044,0.004541350552751844,2
ABB,breakout,2018-01-01,latest,20,10,True,100,14,True,0.8,0.0,0.1,0.2,0.1,14,0.5,24,0.625,2.96377182715644,0.029822905128984428,0.03367737859798359,0.004336448413385208,-0.010497081440642098,0.6699585103791245,-0.005814591379165623,0.014159083982429044,0.004541350552751844,2
ABB,breakout,2018-01-01,latest,20,10,True,100,14,True,0.8,0.0,0.1,0.2,0.1,0,0.5,24,0.625,2.96377182715644,0.029822905128984428,0.03367737859798359,0.004336448413385208,-0.010497081440642098,0.6699585103791245,-0.005814591379165623,0.014159083982429044,0.004541350552751844,2
ABB,breakout,2018-01-01,latest,20,10,True,100,14,True,0.3,0.0,0.08,0.2,0.1,0,0.5,27,0.5925925925925926,2.444604903216647,0.027919282525625002,0.044224342495651436,0.005669269111707287,-0.01603291231519377,0.6654521807544668,-0.00873638759492179,0.021266979319590984,0.005961868739571037,2
ABB,breakout,2018-01-01,latest,20,10,True,100,14,True,0.3,0.0,0.08,0.2,,14,0.5,27,0.5925925925925926,2.444604903216647,0.027919282525625002,0.044224342495651436,0.005669269111707287,-0.01603291231519377,0.6654521807544668,-0.00873638759492179,0.021266979319590984,0.005961868739571037,2
ABB,breakout,2018-01-01,latest,20,10,True,100,14,True,0.3,0.0,0.08,0.2,0.1,14,0.5,27,0.5925925925925926,2.444604903216647,0.027919282525625002,0.044224342495651436,0.005669269111707287,-0.01603291231519377,0.6654521807544668,-0.00873638759492179,0.021266979319590984,0.005961868739571037,2
ABB,breakout,2018-01-01,latest,20,10,True,100,14,True,0.3,0.0,0.1,0.2,0.08,0,0.5,27,0.5925925925925926,2.449059455319035,0.027919282525625002,0.03528424279542253,0.004540269176849021,-0.012845252950036246,0.6652784347889182,-0.006994490401330822,0.016987716991356372,0.004768936224062016,2
ABB,breakout,2018-01-01,latest,20,10,True,100,14,True,0.3,0.0,0.06,0.12,0.06,0,0.5,35,0.5142857142857142,2.0626510670831144,0.02035549269259439,0.05426517099135375,0.006927299247104557,-0.021548824504529773,0.6578289230422423,-0.0032499086741948346,0.02829547066287308,0.0072548447759499856,2
ABB,breakout,2018-01-01,latest,20,10,True,100,14,True,0.3,0.0,0.06,0.12,0.06,14,0.5,35,0.5142857142857142,2.0626510670831144,0.02035549269259439,0.05426517099135375,0.006927299247104557,-0.021548824504529773,0.6578289230422423,-0.0032499086741948346,0.02829547066287308,0.0072548447759499856,2
ABB,breakout,2018-01-01,latest,20,10,True,100,14,True,0.3,0.0,0.1,0.12,0.06,0,0.5,35,0.5142857142857142,2.07097230692497,0.02035549269259439,0.03235032565494711,0.004167912189408263,-0.012974464682913522,0.6577346171640013,-0.001944949057522627,0.016907965037358474,0.00435460233314912,2
ABB,breakout,2018-01-01,latest,30,10,True,100,14,True,0.5,0.0,0.08,0.15,0.1,14,0.5,26,0.5,2.434747442937931,0.025907015400855167,0.039258334134205874,0.005043179293904521,-0.010520559550739383,0.657117493358313,-0.005480508231261894,0.016894707071282378,0.005575243554357108,1
ABB,breakout,2018-01-01,latest,30,10,True,100,14,True,0.5,0.0,0.1,0.15,0.08,0,0.5,26,0.5,2.4349269479474573,0.025907015400855167,0.03133449998773741,0.004038774631961006,-0.008424807389169064,0.6570234372618202,-0.004389514988878518,0.013505288087111156,0.0044607710431774205,1
ABB,breakout,2018-01-01,latest,30,10,True,100,14,True,0.5,0.0,0.1,0.15,,0,0.5,26,0.5,2.4349269479474573,0.025907015400855167,0.03133449998773741,0.004038774631961006,-0.008424807389169064,0.6570234372618202,-0.004389514988878518,0.013505288087111156,0.0044607710431774205,1
ABB,breakout,2018-01-01,latest,30,10,True,100,14,True,0.5,0.0,0.1,0.15,0.1,14,0.5,26,0.5,2.4349269479474573,0.025907015400855167,0.03133449998773741,0.004038774631961006,-0.008424807389169064,0.6570234372618202,-0.004389514988878518,0.013505288087111156,0.0044607710431774205,1
ABB,breakout,2018-01-01,latest,30,10,True,100,14,True,0.3,0.0,0.08,0.12,0.06,0,0.5,31,0.5161290322580645,2.169234561686938,0.020934106141448416,0.03702799137842283,0.004761141947943415,-0.010527696201605319,0.6498229913551898,-0.0019763986247794962,0.016696233336850552,0.005240200874024469,2
ABB,breakout,2018-01-01,latest,30,10,True,100,14,True,0.3,0.0,0.06,0.12,0.06,0,0.5,31,0.5161290322580645,2.1678889634702228,0.020934106141448416,0.04954041888794536,0.006336631624022315,-0.014013496154311689,0.6497588557595715,-0.0026365597993683876,0.02229792816302667,0.006983247299758141,2
ABB,breakout,2018-01-01,latest,30,10,True,100,14,True,0.3,0.0,0.06,0.12,0.06,14,0.5,31,0.5161290322580645,2.1678889634702228,0.020934106141448416,0.04954041888794536,0.006336631624022315,-0.014013496154311689,0.6497588557595715,-0.0026365597993683876,0.02229792816302667,0.006983247299758141,2
ABB,breakout,2018-01-01,latest,20,10,True,100,14,True,0.3,0.0,0.08,0.12,0.08,0,0.5,32,0.53125,2.181813655447111,0.022698363272286082,0.04182128614855318,0.005366627615478015,-0.01583574888520345,0.6495654702220949,-0.008913528624102662,0.02116741195050298,0.005630140684463151,1
ABB,breakout,2018-01-01,latest,20,10,True,100,14,True,0.3,0.0,0.08,0.12,0.1,0,0.5,32,0.53125,2.181813655447111,0.022698363272286082,0.04182128614855318,0.005366627615478015,-0.01583574888520345,0.6495654702220949,-0.008913528624102662,0.02116741195050298,0.005630140684463151,1
ABB,breakout,2018-01-01,latest,20,10,True,100,14,True,0.3,0.0,0.1,0.12,0.08,0,0.5,32,0.53125,2.1858089382752017,0.022698363272286082,0.033371899379745384,0.0042976691110450105,-0.012684796898408734,0.6495054893863103,-0.007131615649634493,0.016907965037358696,0.004503137701253419,1
ABB,breakout,2018-01-01,latest,20,10,True,100,14,True,0.3,0.0,0.1,0.12,0.1,0,0.5,32,0.53125,2.1858089382752017,0.022698363272286082,0.033371899379745384,0.0042976691110450105,-0.012684796898408734,0.6495054893863103,-0.007131615649634493,0.016907965037358696,0.004503137701253419,1
ABB,breakout,2018-01-01,latest,20,10,True,100,14,True,0.8,0.0,0.08,0.15,0.06,0,0.5,26,0.6153846153846154,2.6228937272022605,0.02425432399185462,0.036498429986512315,0.004694098953924808,-0.008040972781823919,0.6459642938476583,-0.00654785315206341,0.017721445910496625,0.004889743209695675,2
ABB,breakout,2018-01-01,latest,30,10,True,100,14,True,0.3,0.0,0.06,0.15,,0,0.5,27,0.5185185185185185,2.3801747498405237,0.024700548401223946,0.051780424170286166,0.00661695473888857,-0.014013496154311689,0.6449565504524671,-0.007293209628744468,0.022555357250264585,0.007299671817526269,1
ABB,breakout,2018-01-01,latest,30,10,True,100,14,True,0.3,0.0,0.06,0.15,,14,0.5,27,0.5185185185185185,2.3801747498405237,0.024700548401223946,0.051780424170286166,0.00661695473888857,-0.014013496154311689,0.6449565504524671,-0.007293209628744468,0.022555357250264585,0.007299671817526269,1
ABB,breakout,2018-01-01,latest,30,10,True,100,14,True,0.3,0.0,0.08,0.15,0.08,0,0.5,27,0.5185185185185185,2.3804422690386446,0.024700548401223946,0.0386931815344802,0.004971762898013932,-0.010527696201605319,0.6448102513244648,-0.005480508231261894,0.016894707071282378,0.0054760986754997755,1
ABB,breakout,2018-01-01,latest,30,10,True,100,14,True,0.3,0.0,0.1,0.15,,0,0.5,27,0.5185185185185185,2.380594084802726,0.024700548401223946,0.030886234885418418,0.003981753445568392,-0.008430608497019043,0.6447216872592022,-0.004389514988878407,0.013505288087111378,0.004381520293786911,1
ABB,breakout,2018-01-01,latest,20,10,True,100,14,True,0.8,0.0,0.08,0.15,,0,0.5,25,0.6,2.592818818764609,0.02681673400720173,0.03916216806365225,0.005031029501498585,-0.013104667987520746,0.6444875222225782,-0.007259467057596836,0.017721445910496625,0.005258024500887415,2
ABB,breakout,2018-01-01,latest,20,10,True,100,14,True,0.8,0.0,0.08,0.15,0.1,14,0.5,25,0.6,2.592818818764609,0.02681673400720173,0.03916216806365225,0.005031029501498585,-0.013104667987520746,0.6444875222225782,-0.007259467057596836,0.017721445910496625,0.005258024500887415,2
ABB,breakout,2018-01-01,latest,20,10,True,100,14,True,0.8,0.0,0.1,0.15,0.08,14,0.5,25,0.6,2.5955729113483335,0.02681673400720173,0.031251184165047574,0.004028178142994943,-0.010497081440642542,0.6442441721824738,-0.005814591379165512,0.0141590839824286,0.004205170797350817,2
ABB,breakout,2018-01-01,latest,20,10,True,100,14,True,0.8,0.0,0.1,0.15,0.1,0,0.5,25,0.6,2.5955729113483335,0.02681673400720173,0.031251184165047574,0.004028178142994943,-0.010497081440642542,0.6442441721824738,-0.005814591379165512,0.0141590839824286,0.004205170797350817,2
ABB,breakout,2018-01-01,latest,20,10,True,100,14,True,0.8,0.0,0.06,0.12,0.06,0,0.5,28,0.5714285714285714,2.317413639462051,0.022210054454178098,0.04772481955742158,0.006109038446270754,-0.010955994168266647,0.6387895539053582,-0.009739773022480747,0.023774450956540294,0.006375736470879285,2
ABB,breakout,2018-01-01,latest,20,10,True,100,14,True,0.8,0.0,0.06,0.12,0.06,14,0.5,28,0.5714285714285714,2.317413639462051,0.022210054454178098,0.04772481955742158,0.006109038446270754,-0.010955994168266647,0.6387895539053582,-0.009739773022480747,0.023774450956540294,0.006375736470879285,2
ABB,breakout,2018-01-01,latest,20,10,True,100,14,True,0.8,0.0,0.1,0.12,0.06,14,0.5,28,0.5714285714285714,2.3205573319340185,0.022210054454178098,0.028466131303193976,0.0036735333520727664,-0.006583219258136097,0.6383414236979098,-0.0058486231976890846,0.014216111711696344,0.0038196565427694373,2
ABB,breakout,2018-01-01,latest,20,10,True,100,14,True,0.8,0.0,0.1,0.12,0.06,0,0.5,28,0.5714285714285714,2.3205573319340185,0.022210054454178098,0.028466131303193976,0.0036735333520727664,-0.006583219258136097,0.6383414236979098,-0.0058486231976890846,0.014216111711696344,0.0038196565427694373,2
ABB,breakout,2018-01-01,latest,20,10,True,100,14,True,0.8,0.0,0.08,0.12,,0,0.5,27,0.5555555555555556,2.322578857060935,0.02441994524111378,0.038182546254604155,0.004907206612473791,-0.013104667987520635,0.6372222012383194,-0.007436872015787688,0.017792880066421324,0.005123809695158085,2
ABB,breakout,2018-01-01,latest,20,10,True,100,14,True,0.8,0.0,0.08,0.12,0.1,14,0.5,27,0.5555555555555556,2.322578857060935,0.02441994524111378,0.038182546254604155,0.004907206612473791,-0.013104667987520635,0.6372222012383194,-0.007436872015787688,0.017792880066421324,0.005123809695158085,2
ABB,breakout,2018-01-01,latest,20,10,True,100,14,True,0.8,0.0,0.1,0.12,,0,0.5,27,0.5555555555555556,2.3253580904266045,0.02441994524111378,0.030473631427874626,0.003929249514013744,-0.010497081440642542,0.6370851729383061,-0.00595187956105292,0.014216111711696344,0.004097744992598835,2
ABB,breakout,2018-01-01,latest,20,10,True,100,14,True,0.8,0.0,0.1,0.12,0.1,0,0.5,27,0.5555555555555556,2.3253580904266045,0.02441994524111378,0.030473631427874626,0.003929249514013744,-0.010497081440642542,0.6370851729383061,-0.00595187956105292,0.014216111711696344,0.004097744992598835,2
ABB,breakout,2018-01-01,latest,20,10,True,100,14,True,0.8,0.0,0.1,0.12,0.08,0,0.5,27,0.5555555555555556,2.3253580904266045,0.02441994524111378,0.030473631427874626,0.003929249514013744,-0.010497081440642542,0.6370851729383061,-0.00595187956105292,0.014216111711696344,0.004097744992598835,2
ABB,breakout,2018-01-01,latest,20,10,True,100,14,True,0.8,0.0,0.1,0.12,0.08,14,0.5,27,0.5555555555555556,2.3253580904266045,0.02441994524111378,0.030473631427874626,0.003929249514013744,-0.010497081440642542,0.6370851729383061,-0.00595187956105292,0.014216111711696344,0.004097744992598835,2
ABB,breakout,2018-01-01,latest,20,10,True,100,14,True,0.3,0.0,0.1,0.15,,0,0.5,31,0.5161290322580645,1.9878558510471753,0.02268054563916697,0.032231495778668684,0.004152811564180681,-0.012622272799705847,0.6244462733951256,-0.006994490401330822,0.017069890247629393,0.00434626229302829,2
ABB,breakout,2018-01-01,latest,20,10,True,100,14,True,0.3,0.0,0.08,0.15,,14,0.5,31,0.5161290322580645,1.9845867763637721,0.02268054563916697,0.04037050127722752,0.005183621499903479,-0.01575883740281958,0.6243745186088412,-0.00873638759492179,0.021366758523337914,0.005432391332551372,2
ABB,breakout,2018-01-01,latest,30,10,True,100,14,True,0.5,0.0,0.06,0.2,0.06,14,0.5,26,0.5384615384615384,2.3031405327836945,0.024076557161092582,0.048358042566974735,0.006188454582280567,-0.014004233911937947,0.6129436886949413,-0.0021632810562114413,0.02242963447987001,0.0068464176056548375,1
ABB,breakout,2018-01-01,latest,30,10,True,100,14,True,0.5,0.0,0.08,0.2,0.06,0,0.5,26,0.5384615384615384,2.304868268376672,0.024076557161092582,0.03616085156290061,0.004651345649341332,-0.010520559550739383,0.6128594318054217,-0.0016275543358188482,0.016795364750495256,0.005139667808730065,1
ABB,breakout,2018-01-01,latest,30,10,True,100,14,True,0.5,0.0,0.1,0.12,0.06,0,0.5,30,0.5,1.9741916101662966,0.01977287070107828,0.026794415281315098,0.0034602581563114576,-0.009064274519090754,0.6086395274236764,-0.0030467209721659616,0.0133439303884344,0.0038266832136839408,2
ABB,breakout,2018-01-01,latest,30,10,True,100,14,True,0.5,0.0,0.08,0.12,0.06,14,0.5,30,0.5,1.9736744117593255,0.01977287070107828,0.03354396963409112,0.004319513931964281,-0.011325877998422329,0.6084951909002477,-0.0038149632782242815,0.016696233336850774,0.0047816241721805,2
ABB,breakout,2018-01-01,latest,30,10,True,100,14,True,0.5,0.0,0.06,0.12,0.06,14,0.5,30,0.5,1.9727978793617142,0.01977287070107828,0.04483786360289099,0.005746439075985155,-0.015091182590497909,0.6082541660544665,-0.005101156125485007,0.022297928163026892,0.0063716517951641115,2
ABB,breakout,2018-01-01,latest,30,10,True,100,14,True,0.5,0.0,0.06,0.12,0.06,0,0.5,30,0.5,1.9727978793617142,0.01977287070107828,0.04483786360289099,0.005746439075985155,-0.015091182590497909,0.6082541660544665,-0.005101156125485007,0.022297928163026892,0.0063716517951641115,2
ABB,breakout,2018-01-01,latest,30,10,True,100,14,True,0.3,0.0,0.06,0.2,0.06,14,0.5,27,0.5555555555555556,2.2532591298358864,0.022937884911082194,0.04759675468647262,0.006092972022279097,-0.014013496154311689,0.600680395397252,-0.0021632810562116633,0.02242963447987001,0.006714401980865846,2
ABB,breakout,2018-01-01,latest,30,10,True,100,14,True,0.3,0.0,0.08,0.2,0.06,14,0.5,27,0.5555555555555556,2.2548629285574058,0.022937884911082194,0.03559738338587337,0.0045799570963804825,-0.010527696201605319,0.6006069780372038,-0.0016275543358192923,0.01679536475049548,0.005040723153352689,2
ABB,breakout,2018-01-01,latest,30,10,True,100,14,True,0.3,0.0,0.1,0.2,0.06,0,0.5,27,0.5555555555555556,2.2558188382912565,0.022937884911082194,0.028429633345530503,0.0036688802127808895,-0.008430608497019043,0.6005622476079704,-0.0013044977150001857,0.01342340282969623,0.00403494581507705,2
ABB,breakout,2018-01-01,latest,30,10,True,100,14,True,0.5,0.0,0.08,0.15,0.06,14,0.5,28,0.5,1.9900546037623505,0.020171823772749547,0.031981705304248154,0.00412106384166977,-0.010520559550739383,0.5588375230211166,-0.0031817600554903125,0.0168947070712826,0.0045630903545376455,2
ABB,breakout,2018-01-01,latest,30,10,True,100,14,True,0.5,0.0,0.08,0.15,0.06,0,0.5,28,0.5,1.9900546037623505,0.020171823772749547,0.031981705304248154,0.00412106384166977,-0.010520559550739383,0.5588375230211166,-0.0031817600554903125,0.0168947070712826,0.0045630903545376455,2
ABB,breakout,2018-01-01,latest,30,10,True,100,14,True,0.5,1.0,0.06,0.12,,14,0.5,34,0.5588235294117647,2.0396621174261136,0.014997307994579183,0.03703185645742901,0.004761631161335433,-0.015522013008709479,0.5473684835133485,-0.005044887347775195,0.012762091999595437,0.005131822303201702,1
ABB,breakout,2018-01-01,latest,30,10,True,100,14,True,0.5,1.0,0.06,0.12,0.08,14,0.5,34,0.5588235294117647,2.0396621174261136,0.014997307994579183,0.03703185645742901,0.004761631161335433,-0.015522013008709479,0.5473684835133485,-0.005044887347775195,0.012762091999595437,0.005131822303201702,1
ABB,breakout,2018-01-01,latest,30,10,True,100,14,True,0.5,1.0,0.06,0.12,0.08,0,0.5,34,0.5588235294117647,2.0396621174261136,0.014997307994579183,0.03703185645742901,0.004761631161335433,-0.015522013008709479,0.5473684835133485,-0.005044887347775195,0.012762091999595437,0.005131822303201702,1
ABB,breakout,2018-01-01,latest,30,10,True,100,14,True,0.3,0.0,0.06,0.15,0.06,14,0.5,29,0.5172413793103449,1.9527962135962234,0.01924632662233791,0.04197960392650746,0.005386584858772636,-0.014013496154311689,0.5464403610779917,-0.005591157308328709,0.022555357250264585,0.005948746102235614,2
ABB,breakout,2018-01-01,latest,30,10,True,100,14,True,0.3,0.0,0.06,0.15,0.06,0,0.5,29,0.5172413793103449,1.9527962135962234,0.01924632662233791,0.04197960392650746,0.005386584858772636,-0.014013496154311689,0.5464403610779917,-0.005591157308328709,0.022555357250264585,0.005948746102235614,2
ABB,breakout,2018-01-01,latest,30,10,True,100,14,True,0.3,0.0,0.08,0.15,0.06,14,0.5,29,0.5172413793103449,1.9544904938639371,0.01924632662233791,0.03142050976271005,0.004049712969493635,-0.010527696201605319,0.5464338245865407,-0.004186723107993062,0.016894707071282378,0.004464727603282569,2
ABB,breakout,2018-01-01,latest,30,10,True,100,14,True,0.3,0.0,0.1,0.15,0.06,0,0.5,29,0.5172413793103449,1.9555002285695222,0.01924632662233791,0.025105346627724456,0.003244462328918285,-0.008430608497019043,0.546428974374527,-0.0033461778144570076,0.0135052880871116,0.0035732976577690207,2
ABB,breakout,2018-01-01,latest,30,10,True,100,14,True,0.3,0.0,0.1,0.15,0.06,14,0.5,29,0.5172413793103449,1.9555002285695222,0.01924632662233791,0.025105346627724456,0.003244462328918285,-0.008430608497019043,0.546428974374527,-0.0033461778144570076,0.0135052880871116,0.0035732976577690207,2
ABB,breakout,2018-01-01,latest,30,10,True,100,14,True,0.8,0.0,0.06,0.12,0.08,14,0.5,26,0.46153846153846156,2.0759818732819455,0.02065565549901225,0.04075529196456862,0.00523218169560824,-0.013904963074644616,0.539884804789272,-0.009909214310599657,0.017803277344435875,0.006118210227684916,1
ABB,breakout,2018-01-01,latest,30,10,True,100,14,True,0.8,0.0,0.06,0.12,,14,0.5,26,0.46153846153846156,2.0759818732819455,0.02065565549901225,0.04075529196456862,0.00523218169560824,-0.013904963074644616,0.539884804789272,-0.009909214310599657,0.017803277344435875,0.006118210227684916,1
ABB,breakout,2018-01-01,latest,30,10,True,100,14,True,0.8,0.0,0.06,0.12,0.1,0,0.5,26,0.46153846153846156,2.0759818732819455,0.02065565549901225,0.04075529196456862,0.00523218169560824,-0.013904963074644616,0.539884804789272,-0.009909214310599657,0.017803277344435875,0.006118210227684916,1
ABB,breakout,2018-01-01,latest,30,10,True,100,14,True,0.8,0.0,0.06,0.12,0.08,0,0.5,26,0.46153846153846156,2.0759818732819455,0.02065565549901225,0.04075529196456862,0.00523218169560824,-0.013904963074644616,0.539884804789272,-0.009909214310599657,0.017803277344435875,0.006118210227684916,1
ABB,breakout,2018-01-01,latest,30,10,True,100,14,True,0.8,0.0,0.08,0.12,0.1,0,0.5,26,0.46153846153846156,2.0759671030287414,0.02065565549901225,0.030495962553074074,0.00393209162512842,-0.01044411707321935,0.5398041840682309,-0.007436872015787577,0.013336476831041555,0.004588934217547104,1
ABB,breakout,2018-01-01,latest,30,10,True,100,14,True,0.8,0.0,0.08,0.12,,0,0.5,26,0.46153846153846156,2.0759671030287414,0.02065565549901225,0.030495962553074074,0.00393209162512842,-0.01044411707321935,0.5398041840682309,-0.007436872015787577,0.013336476831041555,0.004588934217547104,1
ABB,breakout,2018-01-01,latest,30,10,True,100,14,True,0.8,0.0,0.1,0.12,0.1,0,0.5,26,0.46153846153846156,2.0759516431436613,0.02065565549901225,0.024362760775201497,0.0031494915393346368,-0.008362693043857616,0.53975553899864,-0.005951879561053031,0.010661511405753332,0.0036712795267193543,1
ABB,breakout,2018-01-01,latest,30,10,True,100,14,True,0.8,0.0,0.1,0.12,,0,0.5,26,0.46153846153846156,2.0759516431436613,0.02065565549901225,0.024362760775201497,0.0031494915393346368,-0.008362693043857616,0.53975553899864,-0.005951879561053031,0.010661511405753332,0.0036712795267193543,1
ABB,breakout,2018-01-01,latest,30,10,True,100,14,True,0.8,0.0,0.08,0.2,,0,0.5,23,0.5217391304347826,2.5162309235787945,0.02412023125347434,0.032014519783838624,0.004125234858198379,-0.01044411707321935,0.5381494597242398,-0.007259467057596614,0.013265355449365579,0.0047964454581229665,1
ABB,breakout,2018-01-01,latest,30,10,True,100,14,True,0.8,0.0,0.08,0.2,0.1,0,0.5,23,0.5217391304347826,2.5162309235787945,0.02412023125347434,0.032014519783838624,0.004125234858198379,-0.01044411707321935,0.5381494597242398,-0.007259467057596614,0.013265355449365579,0.0047964454581229665,1
ABB,breakout,2018-01-01,latest,30,10,True,100,14,True,0.8,0.0,0.1,0.2,0.08,14,0.5,23,0.5217391304347826,2.515907682385033,0.02412023125347434,0.025571550289966494,0.0033040554906902386,-0.008362693043857616,0.5379226894473289,-0.005814591379165512,0.010604683545903715,0.0038379449113611036,1
ABB,breakout,2018-01-01,latest,30,10,True,100,14,True,0.5,1.0,0.06,0.15,0.1,14,0.5,33,0.5757575757575758,2.024913949492714,0.01573336500604038,0.037957513363018114,0.0048787484093990585,-0.012269791119989715,0.5327222770126203,-0.005044887347774973,0.010749279880041929,0.005258478513505265,1
ABB,breakout,2018-01-01,latest,30,10,True,100,14,True,0.5,1.0,0.06,0.15,0.08,14,0.5,33,0.5757575757575758,2.024913949492714,0.01573336500604038,0.037957513363018114,0.0048787484093990585,-0.012269791119989715,0.5327222770126203,-0.005044887347774973,0.010749279880041929,0.005258478513505265,1
ABB,breakout,2018-01-01,latest,30,10,True,100,14,True,0.5,1.0,0.06,0.15,,0,0.5,33,0.5757575757575758,2.024913949492714,0.01573336500604038,0.037957513363018114,0.0048787484093990585,-0.012269791119989715,0.5327222770126203,-0.005044887347774973,0.010749279880041929,0.005258478513505265,1
ABB,breakout,2018-01-01,latest,30,10,True,100,14,True,0.5,1.0,0.06,0.15,,14,0.5,33,0.5757575757575758,2.024913949492714,0.01573336500604038,0.037957513363018114,0.0048787484093990585,-0.012269791119989715,0.5327222770126203,-0.005044887347774973,0.010749279880041929,0.005258478513505265,1
ABB,breakout,2018-01-01,latest,30,10,True,100,14,True,0.5,1.0,0.06,0.15,0.1,0,0.5,33,0.5757575757575758,2.024913949492714,0.01573336500604038,0.037957513363018114,0.0048787484093990585,-0.012269791119989715,0.5327222770126203,-0.005044887347774973,0.010749279880041929,0.005258478513505265,1
ABB,breakout,2018-01-01,latest,30,10,True,100,14,True,0.8,1.0,0.06,0.2,,14,0.5,28,0.5357142857142857,2.366010213077432,0.017300345238101773,0.035886141745923306,0.004616545529583904,-0.01264893216858154,0.5202202274572894,-0.006698475187128072,0.010052576151947212,0.005094374036481735,1
ABB,breakout,2018-01-01,latest,20,10,True,100,14,True,0.5,1.0,0.06,0.15,0.1,0,0.5,37,0.5945945945945946,2.050270393036112,0.014538057671807693,0.03880532512319079,0.0049859367848406055,-0.01572862243182538,0.5166582430396645,-0.005044887347775084,0.011577792880330673,0.005600683629770271,1
ABB,breakout,2018-01-01,latest,20,10,True,100,14,True,0.5,1.0,0.06,0.15,0.1,14,0.5,37,0.5945945945945946,2.050270393036112,0.014538057671807693,0.03880532512319079,0.0049859367848406055,-0.01572862243182538,0.5166582430396645,-0.005044887347775084,0.011577792880330673,0.005600683629770271,1
ABB,breakout,2018-01-01,latest,30,10,True,100,14,True,0.5,1.0,0.06,0.2,,0,0.5,34,0.5882352941176471,2.1607677648613115,0.01516956053033521,0.03746427329379243,0.004816353311022148,-0.012457770204924112,0.5142496433895847,-0.0050448873477753065,0.008799448314151803,0.0051882173397459165,1
ABB,breakout,2018-01-01,latest,30,10,True,100,14,True,0.5,1.0,0.06,0.2,0.1,14,0.5,34,0.5882352941176471,2.1607677648613115,0.01516956053033521,0.03746427329379243,0.004816353311022148,-0.012457770204924112,0.5142496433895847,-0.0050448873477753065,0.008799448314151803,0.0051882173397459165,1
ABB,breakout,2018-01-01,latest,30,10,True,100,14,True,0.5,1.0,0.06,0.2,0.08,0,0.5,34,0.5882352941176471,2.1607677648613115,0.01516956053033521,0.03746427329379243,0.004816353311022148,-0.012457770204924112,0.5142496433895847,-0.0050448873477753065,0.008799448314151803,0.0051882173397459165,1
ABB,breakout,2018-01-01,latest,30,10,True,100,14,True,0.5,1.0,0.1,0.12,0.08,14,0.5,34,0.5588235294117647,1.9010063937872121,0.013991777577284061,0.02041070223881869,0.002643045680687406,-0.009334546055518644,0.5022559513149892,-0.004734461545351398,0.007653681068892526,0.002843164822725603,1
ABB,breakout,2018-01-01,latest,30,10,True,100,14,True,0.5,1.0,0.08,0.12,0.1,14,0.5,34,0.5588235294117647,1.899278221040102,0.013991777577284061,0.02552798153133673,0.003298487248430293,-0.011658173322435794,0.5021093647515492,-0.005917134700129112,0.009568781317426778,0.003550339590534698,1
ABB,breakout,2018-01-01,latest,20,10,True,100,14,True,0.5,1.0,0.06,0.2,0.08,14,0.5,38,0.6052631578947368,2.1897270964116093,0.014065056491814455,0.03831168217164449,0.004923535030905368,-0.01591594325204415,0.500011343513214,-0.0050448873477753065,0.011577792880330673,0.005530083971712666,1
ABB,breakout,2018-01-01,latest,20,10,True,100,14,True,0.5,1.0,0.06,0.2,0.1,14,0.5,38,0.6052631578947368,2.1897270964116093,0.014065056491814455,0.03831168217164449,0.004923535030905368,-0.01591594325204415,0.500011343513214,-0.0050448873477753065,0.011577792880330673,0.005530083971712666,1
ABB,breakout,2018-01-01,latest,20,10,True,100,14,True,0.8,1.0,0.06,0.2,,14,0.5,32,0.5625,2.33955367949079,0.015433522592705945,0.03593235679487572,0.00462240059311636,-0.01142737497618318,0.49801252505399773,-0.00669847518712785,0.010052576151947212,0.0053235224830478255,1
ABB,breakout,2018-01-01,latest,30,10,True,100,14,True,0.5,1.0,0.1,0.15,0.1,0,0.5,33,0.5757575757575758,1.8918235632357858,0.01469736397003934,0.020968795457014133,0.002714667141191951,-0.007372533828507666,0.4899769900674374,-0.004734461545351398,0.00647954338347656,0.0029210021529089613,1
ABB,breakout,2018-01-01,latest,30,10,True,100,14,True,0.5,1.0,0.1,0.15,0.08,14,0.5,33,0.5757575757575758,1.8918235632357858,0.01469736397003934,0.020968795457014133,0.002714667141191951,-0.007372533828507666,0.4899769900674374,-0.004734461545351398,0.00647954338347656,0.0029210021529089613,1
ABB,breakout,2018-01-01,latest,30,10,True,100,14,True,0.5,1.0,0.1,0.15,,14,0.5,33,0.5757575757575758,1.8918235632357858,0.01469736397003934,0.020968795457014133,0.002714667141191951,-0.007372533828507666,0.4899769900674374,-0.004734461545351398,0.00647954338347656,0.0029210021529089613,1
ABB,breakout,2018-01-01,latest,30,10,True,100,14,True,0.5,1.0,0.08,0.15,,0,0.5,33,0.5757575757575758,1.8900043953716588,0.01469736397003934,0.02622361705750831,0.003387367380583095,-0.009210669570963836,0.4898816891139953,-0.00591713470012889,0.008085393322660117,0.0036467726735801564,1
ABB,breakout,2018-01-01,latest,30,10,True,100,14,True,0.8,0.0,0.06,0.2,0.06,0,0.5,25,0.52,2.0924610943811888,0.01919442012407637,0.03596683278413049,0.0046267682672289645,-0.013904963074644616,0.48494093331098787,-0.004542169302722443,0.017708256420002177,0.0054470900094570895,2
ABB,breakout,2018-01-01,latest,30,10,True,100,14,True,0.8,0.0,0.06,0.12,0.06,0,0.5,27,0.48148148148148145,1.8722909146497835,0.01690543514076473,0.03366320793840605,0.0043346497281153695,-0.014582039338831843,0.47845767079822416,-0.009266432013450121,0.017803277344435653,0.00514243816594484,2
ABB,breakout,2018-01-01,latest,30,10,True,100,14,True,0.8,0.0,0.1,0.12,0.06,0,0.5,27,0.48148148148148145,1.8717129492808449,0.01690543514076473,0.020159317461781123,0.002610773735689964,-0.008754506365824644,0.4784193534847053,-0.005563557122712948,0.01066151140575311,0.0030842364895427654,2
ABB,breakout,2018-01-01,latest,30,10,True,100,14,True,0.8,1.0,0.08,0.2,,14,0.5,28,0.5357142857142857,2.1469733786565732,0.016082812770569308,0.024680504472514686,0.0031901357397088326,-0.01161960403238882,0.47592817083030664,-0.007150885053608835,0.007552151814150143,0.003522814806815124,1
ABB,breakout,2018-01-01,latest,30,10,True,100,14,True,0.8,1.0,0.08,0.2,,0,0.5,28,0.5357142857142857,2.1469733786565732,0.016082812770569308,0.024680504472514686,0.0031901357397088326,-0.01161960403238882,0.47592817083030664,-0.007150885053608835,0.007552151814150143,0.003522814806815124,1
ABB,breakout,2018-01-01,latest,30,10,True,100,14,True,0.8,1.0,0.1,0.2,,14,0.5,28,0.5357142857142857,2.148864353082911,0.016082812770569308,0.019734477244255144,0.002556218437750335,-0.00930668827378478,0.47590582952545013,-0.005722743250781037,0.006047833945832304,0.002820792549664941,1
ABB,breakout,2018-01-01,latest,30,10,True,100,14,True,0.8,1.0,0.1,0.2,0.1,14,0.5,28,0.5357142857142857,2.148864353082911,0.016082812770569308,0.019734477244255144,0.002556218437750335,-0.00930668827378478,0.47590582952545013,-0.005722743250781037,0.006047833945832304,0.002820792549664941,1
ABB,breakout,2018-01-01,latest,30,10,True,100,14,True,0.8,1.0,0.1,0.2,,0,0.5,28,0.5357142857142857,2.148864353082911,0.016082812770569308,0.019734477244255144,0.002556218437750335,-0.00930668827378478,0.47590582952545013,-0.005722743250781037,0.006047833945832304,0.002820792549664941,1
ABB,breakout,2018-01-01,latest,30,10,True,100,14,True,0.5,1.0,0.1,0.2,0.1,0,0.5,34,0.5882352941176471,2.000587206194124,0.014164030113040087,0.02068300363178177,0.0026779950341342396,-0.007487166463574724,0.47256447111339633,-0.00473446154535162,0.00527996234436201,0.002880155903871695,1
ABB,breakout,2018-01-01,latest,30,10,True,100,14,True,0.5,1.0,0.1,0.2,0.08,0,0.5,34,0.5882352941176471,2.000587206194124,0.014164030113040087,0.02068300363178177,0.0026779950341342396,-0.007487166463574724,0.47256447111339633,-0.00473446154535162,0.00527996234436201,0.002880155903871695,1
ABB,breakout,2018-01-01,latest,30,10,True,100,14,True,0.5,1.0,0.08,0.2,0.1,0,0.5,34,0.5882352941176471,1.9980591979219098,0.014164030113040087,0.025861998336799363,0.0033411705294943417,-0.009353093806009904,0.4724899883007726,-0.005917134700129001,0.0065998154198876335,0.003595094641311723,1
ABB,breakout,2018-01-01,latest,30,10,True,100,14,True,0.5,1.0,0.08,0.2,0.08,0,0.5,34,0.5882352941176471,1.9980591979219098,0.014164030113040087,0.025861998336799363,0.0033411705294943417,-0.009353093806009904,0.4724899883007726,-0.005917134700129001,0.0065998154198876335,0.003595094641311723,1
ABB,breakout,2018-01-01,latest,30,10,True,100,14,True,0.5,1.0,0.08,0.2,,14,0.5,34,0.5882352941176471,1.9980591979219098,0.014164030113040087,0.025861998336799363,0.0033411705294943417,-0.009353093806009904,0.4724899883007726,-0.005917134700129001,0.0065998154198876335,0.003595094641311723,1
ABB,breakout,2018-01-01,latest,30,10,True,100,14,True,0.3,1.0,0.1,0.12,0.08,14,0.5,37,0.5945945945945946,1.868842669629583,0.01243659171098892,0.019319878514532984,0.0025029592329168793,-0.00961446453076098,0.46807485365692236,-0.004558900491637652,0.007653681068892748,0.0027544902915310593,1
ABB,breakout,2018-01-01,latest,30,10,True,100,14,True,0.3,1.0,0.1,0.12,,14,0.5,37,0.5945945945945946,1.868842669629583,0.01243659171098892,0.019319878514532984,0.0025029592329168793,-0.00961446453076098,0.46807485365692236,-0.004558900491637652,0.007653681068892748,0.0027544902915310593,1
ABB,breakout,2018-01-01,latest,30,10,True,100,14,True,0.3,1.0,0.1,0.12,0.1,0,0.5,37,0.5945945945945946,1.868842669629583,0.01243659171098892,0.019319878514532984,0.0025029592329168793,-0.00961446453076098,0.46807485365692236,-0.004558900491637652,0.007653681068892748,0.0027544902915310593,1
ABB,breakout,2018-01-01,latest,30,10,True,100,14,True,0.3,1.0,0.08,0.12,0.1,14,0.5,37,0.5945945945945946,1.8670342677004257,0.01243659171098892,0.024160334703019704,0.0031235924827262007,-0.012007270386252045,0.46799400111959083,-0.005697725307619694,0.009568781317426778,0.0034395718984077278,1
ABB,breakout,2018-01-01,latest,30,10,True,100,14,True,0.3,1.0,0.08,0.12,,14,0.5,37,0.5945945945945946,1.8670342677004257,0.01243659171098892,0.024160334703019704,0.0031235924827262007,-0.012007270386252045,0.46799400111959083,-0.005697725307619694,0.009568781317426778,0.0034395718984077278,1
ABB,breakout,2018-01-01,latest,30,10,True,100,14,True,0.3,1.0,0.08,0.12,0.08,14,0.5,37,0.5945945945945946,1.8670342677004257,0.01243659171098892,0.024160334703019704,0.0031235924827262007,-0.012007270386252045,0.46799400111959083,-0.005697725307619694,0.009568781317426778,0.0034395718984077278,1
ABB,breakout,2018-01-01,latest,30,10,True,100,14,True,0.3,1.0,0.06,0.12,0.08,0,0.5,37,0.5945945945945946,1.8640229740203487,0.01243659171098892,0.03223647338067037,0.004153444136630879,-0.01598569960474927,0.46785880931105894,-0.007594966407835857,0.012762091999595437,0.0045782230401716995,1
ABB,breakout,2018-01-01,latest,30,10,True,100,14,True,0.3,1.0,0.1,0.15,0.1,0,0.5,35,0.6,1.858040203809469,0.013344437606116802,0.019855669197657022,0.002571783157163665,-0.007653006682091457,0.46388210881952874,-0.004558900491637874,0.00647954338347656,0.0028293694158799993,1
ABB,breakout,2018-01-01,latest,30,10,True,100,14,True,0.3,1.0,0.1,0.15,0.1,14,0.5,35,0.6,1.858040203809469,0.013344437606116802,0.019855669197657022,0.002571783157163665,-0.007653006682091457,0.46388210881952874,-0.004558900491637874,0.00647954338347656,0.0028293694158799993,1
ABB,breakout,2018-01-01,latest,30,10,True,100,14,True,0.3,1.0,0.08,0.15,,0,0.5,35,0.6,1.8561883570245652,0.013344437606116802,0.02482719143569101,0.0032088955130766816,-0.009560631129583497,0.46379864689954275,-0.005697725307619583,0.00808539332266034,0.0035322503111438713,1
ABB,breakout,2018-01-01,latest,30,10,True,100,14,True,0.3,1.0,0.08,0.15,0.1,14,0.5,35,0.6,1.8561883570245652,0.013344437606116802,0.02482719143569101,0.0032088955130766816,-0.009560631129583497,0.46379864689954275,-0.005697725307619583,0.00808539332266034,0.0035322503111438713,1
ABB,breakout,2018-01-01,latest,30,10,True,100,14,True,0.3,1.0,0.06,0.15,0.1,14,0.5,35,0.6,1.8531067157102075,0.013344437606116802,0.03311910639625948,0.004265570567907773,-0.012735009504162398,0.4636585652836002,-0.007594966407835968,0.010749279880041707,0.004699746268067494,1
ABB,breakout,2018-01-01,latest,30,10,True,100,14,True,0.3,1.0,0.06,0.15,0.08,14,0.5,35,0.6,1.8531067157102075,0.013344437606116802,0.03311910639625948,0.004265570567907773,-0.012735009504162398,0.4636585652836002,-0.007594966407835968,0.010749279880041707,0.004699746268067494,1
ABB,breakout,2018-01-01,latest,20,10,True,100,14,True,0.5,1.0,0.06,0.12,0.1,0,0.5,38,0.5789473684210527,1.9533805498415435,0.012553375233840595,0.033463643058941894,0.0043093166323515675,-0.018969455697618542,0.4629906809579152,-0.0050448873477753065,0.011577792880330895,0.004857864205703111,1
ABB,breakout,2018-01-01,latest,20,10,True,100,14,True,0.5,1.0,0.06,0.12,0.1,14,0.5,38,0.5789473684210527,1.9533805498415435,0.012553375233840595,0.033463643058941894,0.0043093166323515675,-0.018969455697618542,0.4629906809579152,-0.0050448873477753065,0.011577792880330895,0.004857864205703111,1
ABB,breakout,2018-01-01,latest,20,10,True,100,14,True,0.5,1.0,0.06,0.12,0.08,0,0.5,38,0.5789473684210527,1.9533805498415435,0.012553375233840595,0.033463643058941894,0.0043093166323515675,-0.018969455697618542,0.4629906809579152,-0.0050448873477753065,0.011577792880330895,0.004857864205703111,1
ABB,breakout,2018-01-01,latest,30,10,True,100,14,True,0.5,1.0,0.1,0.12,0.06,0,0.5,36,0.5277777777777778,1.7320247014446437,0.01207529171222149,0.018122016922082373,0.0023489764818565018,-0.009334546055518644,0.46211302002687105,-0.0030467209721660726,0.008209428557898635,0.0025225770486647964,2
ABB,breakout,2018-01-01,latest,30,10,True,100,14,True,0.5,1.0,0.08,0.12,0.06,14,0.5,36,0.5277777777777778,1.7308213696531318,0.01207529171222149,0.022654545038785612,0.002930797006132524,-0.011658173322435794,0.461935722991212,-0.0038149632782243925,0.010264217402675913,0.0031498020938726112,2
ABB,breakout,2018-01-01,latest,30,10,True,100,14,True,0.5,1.0,0.08,0.15,0.06,14,0.5,34,0.5588235294117647,1.855809542011292,0.013076841697913247,0.023557378463191947,0.0030464219022170447,-0.009210669570963947,0.4557528969347762,-0.0037845567234501276,0.008085393322660561,0.003274668174217256,2
ABB,breakout,2018-01-01,latest,30,10,True,100,14,True,0.5,1.0,0.08,0.15,0.06,0,0.5,34,0.5588235294117647,1.855809542011292,0.013076841697913247,0.023557378463191947,0.0030464219022170447,-0.009210669570963947,0.4557528969347762,-0.0037845567234501276,0.008085393322660561,0.003274668174217256,2
ABB,breakout,2018-01-01,latest,30,10,True,100,14,True,0.5,1.0,0.1,0.15,0.06,0,0.5,34,0.5588235294117647,1.8571185749467125,0.013076841697913247,0.01883870476653371,0.0024411242081918694,-0.007372533828507444,0.4557356846233372,-0.003028073170495804,0.006479543383476782,0.002622341905449791,2
ABB,breakout,2018-01-01,latest,30,10,True,100,14,True,0.8,0.0,0.06,0.15,0.1,0,0.5,24,0.5,2.095641921037771,0.019408856114057172,0.035010135056241065,0.004505519774025135,-0.013904963074644616,0.4549798383942941,-0.00965986789157669,0.017708256420001955,0.00531373099255994,1
ABB,breakout,2018-01-01,latest,30,10,True,100,14,True,0.8,0.0,0.08,0.15,0.08,0,0.5,24,0.5,2.095398268183496,0.019408856114057172,0.026214794342525938,0.003386240445732991,-0.01044411707321935,0.454573108959494,-0.007259467057596725,0.013265355449365357,0.003986497967565228,1
ABB,breakout,2018-01-01,latest,30,10,True,100,14,True,0.8,0.0,0.08,0.15,0.08,14,0.5,24,0.5,2.095398268183496,0.019408856114057172,0.026214794342525938,0.003386240445732991,-0.01044411707321935,0.454573108959494,-0.007259467057596725,0.013265355449365357,0.003986497967565228,1
ABB,breakout,2018-01-01,latest,30,10,True,100,14,True,0.8,0.0,0.1,0.15,,0,0.5,24,0.5,2.0952482175340914,0.019408856114057172,0.02095114622607852,0.002712402693665794,-0.008362693043857616,0.45432824873800826,-0.005814591379165512,0.010604683545903715,0.003189773334148335,1
ABB,breakout,2018-01-01,latest,30,10,True,100,14,True,0.3,1.0,0.1,0.2,0.1,0,0.5,36,0.6111111111111112,1.9631344734102911,0.012878314695726463,0.019570188961169244,0.0025351162757769607,-0.007767606927018944,0.44708972920576,-0.004558900491637874,0.005155105309357033,0.002788680728408401,1
ABB,breakout,2018-01-01,latest,30,10,True,100,14,True,0.3,1.0,0.1,0.2,0.08,14,0.5,36,0.6111111111111112,1.9631344734102911,0.012878314695726463,0.019570188961169244,0.0025351162757769607,-0.007767606927018944,0.44708972920576,-0.004558900491637874,0.005155105309357033,0.002788680728408401,1
ABB,breakout,2018-01-01,latest,30,10,True,100,14,True,0.3,1.0,0.1,0.2,0.08,0,0.5,36,0.6111111111111112,1.9631344734102911,0.012878314695726463,0.019570188961169244,0.0025351162757769607,-0.007767606927018944,0.44708972920576,-0.004558900491637874,0.005155105309357033,0.002788680728408401,1
ABB,breakout,2018-01-01,latest,30,10,True,100,14,True,0.3,1.0,0.08,0.2,0.1,0,0.5,36,0.6111111111111112,1.9605806806955717,0.012878314695726463,0.024466064784779196,0.0031627068789921164,-0.009703005058266823,0.4470255780634996,-0.005697725307619472,0.006432504600250688,0.003480818559312434,1
ABB,breakout,2018-01-01,latest,30,10,True,100,14,True,0.3,1.0,0.08,0.2,,0,0.5,36,0.6111111111111112,1.9605806806955717,0.012878314695726463,0.024466064784779196,0.0031627068789921164,-0.009703005058266823,0.4470255780634996,-0.005697725307619472,0.006432504600250688,0.003480818559312434,1
ABB,breakout,2018-01-01,latest,30,10,True,100,14,True,0.5,1.0,0.06,0.2,0.06,0,0.5,36,0.5555555555555556,1.8683101661113026,0.01247836218348675,0.03139518773096639,0.004046492709401495,-0.012457770204924112,0.4452852082873184,-0.005044887347775195,0.009378635376890543,0.0043468503320457375,1
ABB,breakout,2018-01-01,latest,20,10,True,100,14,True,0.5,1.0,0.08,0.15,0.06,14,0.5,38,0.5789473684210527,1.8822507643706834,0.01219262385227901,0.024182603684839155,0.00312644186725608,-0.011812827373299917,0.44253493658334175,-0.0037845567234497945,0.00867473198745472,0.0035302670848406737,2
ABB,breakout,2018-01-01,latest,20,10,True,100,14,True,0.5,1.0,0.1,0.15,0.06,0,0.5,38,0.5789473684210527,1.8840749817803293,0.01219262385227901,0.019335713282189637,0.002504993707391545,-0.009458122138016778,0.44242257011301656,-0.003028073170495582,0.0069356541403937655,0.0028263480056834244,2
ABB,breakout,2018-01-01,latest,30,10,True,100,14,True,0.8,1.0,0.06,0.12,,14,0.5,31,0.5161290322580645,2.0358126841062134,0.012801028024404046,0.027965713611604492,0.0036097223862430194,-0.011310787933775712,0.4403978202747688,-0.006698475187127739,0.012762091999595881,0.003993547444644831,1
ABB,breakout,2018-01-01,latest,30,10,True,100,14,True,0.8,1.0,0.06,0.12,0.08,0,0.5,31,0.5161290322580645,2.0358126841062134,0.012801028024404046,0.027965713611604492,0.0036097223862430194,-0.011310787933775712,0.4403978202747688,-0.006698475187127739,0.012762091999595881,0.003993547444644831,1
ABB,breakout,2018-01-01,latest,30,10,True,100,14,True,0.8,1.0,0.06,0.15,0.1,14,0.5,30,0.5333333333333333,1.9671364325703637,0.013481295385368372,0.028722291707887537,0.0037061873060886263,-0.01203586320687311,0.4366022688439205,-0.006698475187127739,0.008453673076377788,0.004096558849326788,1
ABB,breakout,2018-01-01,latest,30,10,True,100,14,True,0.8,1.0,0.06,0.15,,0,0.5,30,0.5333333333333333,1.9671364325703637,0.013481295385368372,0.028722291707887537,0.0037061873060886263,-0.01203586320687311,0.4366022688439205,-0.006698475187127739,0.008453673076377788,0.004096558849326788,1
ABB,breakout,2018-01-01,latest,30,10,True,100,14,True,0.8,1.0,0.06,0.15,0.08,0,0.5,30,0.5333333333333333,1.9671364325703637,0.013481295385368372,0.028722291707887537,0.0037061873060886263,-0.01203586320687311,0.4366022688439205,-0.006698475187127739,0.008453673076377788,0.004096558849326788,1
ABB,breakout,2018-01-01,latest,20,10,True,100,14,True,0.5,1.0,0.06,0.2,0.06,14,0.5,40,0.575,1.894771211236689,0.011698203181576872,0.03223763933258339,0.004153592309817489,-0.01591594325204393,0.43355379026109575,-0.005044887347775195,0.011577792880330895,0.00468859951989044,1
ABB,breakout,2018-01-01,latest,30,10,True,100,14,True,0.3,1.0,0.08,0.15,0.06,0,0.5,36,0.5833333333333334,1.8202542854286308,0.011855146867181773,0.022172439883821005,0.0028690179718158237,-0.009560631129583497,0.4289739902105427,-0.00355701547974252,0.008085393322660561,0.003160947709070066,2
ABB,breakout,2018-01-01,latest,30,10,True,100,14,True,0.3,1.0,0.1,0.12,0.06,0,0.5,39,0.5641025641025641,1.702437838508462,0.010750623630913062,0.01703996929559337,0.0022097459342693693,-0.009614464530760869,0.4273719027259923,-0.0028460053927595874,0.008209428557898635,0.0024345932024804695,2
ABB,breakout,2018-01-01,latest,20,10,True,100,14,True,0.5,1.0,0.1,0.15,,0,0.5,37,0.5945945945945946,1.7648904583837561,0.012448021683466617,0.019260939377256925,0.0024953864035195394,-0.011706885469937367,0.42367985653241397,-0.004734461545351287,0.0069356541403937655,0.002815571721269672,1
ABB,breakout,2018-01-01,latest,20,10,True,100,14,True,0.5,1.0,0.1,0.15,0.1,0,0.5,37,0.5945945945945946,1.7648904583837561,0.012448021683466617,0.019260939377256925,0.0024953864035195394,-0.011706885469937367,0.42367985653241397,-0.004734461545351287,0.0069356541403937655,0.002815571721269672,1
ABB,breakout,2018-01-01,latest,20,10,True,100,14,True,0.5,1.0,0.08,0.15,0.1,0,0.5,37,0.5945945945945946,1.762489161226023,0.012448021683466617,0.024077098726517754,0.0031129417072881527,-0.014618997554394109,0.42362840533878304,-0.005917134700129334,0.00867473198745472,0.0035150831193446913,1
ABB,breakout,2018-01-01,latest,30,10,True,100,14,True,0.3,1.0,0.1,0.2,0.06,14,0.5,38,0.5789473684210527,1.8377255499943599,0.011352466002500432,0.01773414465425982,0.0022990825080373423,-0.007767606927018944,0.4193939000330475,-0.0028460053927595874,0.005626249926135474,0.002528893168120835,1
ABB,breakout,2018-01-01,latest,30,10,True,100,14,True,0.3,1.0,0.08,0.2,0.06,0,0.5,38,0.5789473684210527,1.8357185419189064,0.011352466002500432,0.022162816821954534,0.0028677845733164897,-0.009703005058266934,0.4193009922984205,-0.00355701547974252,0.007033252718030569,0.003155697427579786,1
ABB,breakout,2018-01-01,latest,30,10,True,100,14,True,0.3,1.0,0.08,0.2,0.06,14,0.5,38,0.5789473684210527,1.8357185419189064,0.011352466002500432,0.022162816821954534,0.0028677845733164897,-0.009703005058266934,0.4193009922984205,-0.00355701547974252,0.007033252718030569,0.003155697427579786,1
ABB,breakout,2018-01-01,latest,30,10,True,100,14,True,0.3,1.0,0.06,0.2,0.06,0,0.5,38,0.5789473684210527,1.8323840389113015,0.011352466002500432,0.029539022932635106,0.0038102526428869243,-0.012922900051431596,0.4191462618637761,-0.004741595643280583,0.00937863537689032,0.0041955785909057386,1
ABB,breakout,2018-01-01,latest,20,10,True,100,14,True,0.8,1.0,0.06,0.15,,14,0.5,34,0.5588235294117647,1.9550753050027925,0.012173585819435052,0.028768187148664026,0.0037120370639098788,-0.011427374976183069,0.4165547360072319,-0.006698475187127961,0.009705385226298269,0.004326045780191119,1
ABB,breakout,2018-01-01,latest,20,10,True,100,14,True,0.8,1.0,0.06,0.15,0.1,14,0.5,34,0.5588235294117647,1.9550753050027925,0.012173585819435052,0.028768187148664026,0.0037120370639098788,-0.011427374976183069,0.4165547360072319,-0.006698475187127961,0.009705385226298269,0.004326045780191119,1
ABB,breakout,2018-01-01,latest,20,10,True,100,14,True,0.5,1.0,0.1,0.2,,14,0.5,38,0.6052631578947368,1.8485193192796099,0.012030021450534986,0.018975625618843805,0.0024587223161773863,-0.011821017556544078,0.4092351723023328,-0.00473446154535162,0.0069356541403935434,0.002774603737001383,1
ABB,breakout,2018-01-01,latest,20,10,True,100,14,True,0.5,1.0,0.1,0.2,0.08,14,0.5,38,0.6052631578947368,1.8485193192796099,0.012030021450534986,0.018975625618843805,0.0024587223161773863,-0.011821017556544078,0.4092351723023328,-0.00473446154535162,0.0069356541403935434,0.002774603737001383,1
ABB,breakout,2018-01-01,latest,20,10,True,100,14,True,0.5,1.0,0.08,0.2,0.08,14,0.5,38,0.6052631578947368,1.8454884751769205,0.012030021450534986,0.023716236391844392,0.003066757491002825,-0.01476064435174207,0.4091966459950251,-0.005917134700129001,0.00867473198745472,0.0034632148058633128,1
ABB,breakout,2018-01-01,latest,20,10,True,100,14,True,0.5,1.0,0.08,0.2,,0,0.5,38,0.6052631578947368,1.8454884751769205,0.012030021450534986,0.023716236391844392,0.003066757491002825,-0.01476064435174207,0.4091966459950251,-0.005917134700129001,0.00867473198745472,0.0034632148058633128,1
ABB,breakout,2018-01-01,latest,20,10,True,100,14,True,0.5,1.0,0.08,0.2,0.08,0,0.5,38,0.6052631578947368,1.8454884751769205,0.012030021450534986,0.023716236391844392,0.003066757491002825,-0.01476064435174207,0.4091966459950251,-0.005917134700129001,0.00867473198745472,0.0034632148058633128,1
ABB,breakout,2018-01-01,latest,20,10,True,100,14,True,0.8,1.0,0.1,0.2,0.1,0,0.5,32,0.5625,1.9100934040220197,0.013019953640471739,0.0175578904516267,0.002276404574527824,-0.008569035157037441,0.40134729759519194,-0.005722743250781148,0.00604783394583186,0.0026486306069956533,2
ABB,breakout,2018-01-01,latest,20,10,True,100,14,True,0.8,1.0,0.1,0.2,0.08,0,0.5,32,0.5625,1.9100934040220197,0.013019953640471739,0.0175578904516267,0.002276404574527824,-0.008569035157037441,0.40134729759519194,-0.005722743250781148,0.00604783394583186,0.0026486306069956533,2
ABB,breakout,2018-01-01,latest,30,10,True,100,14,True,0.8,1.0,0.08,0.2,0.06,14,0.5,30,0.5,1.8606583376344386,0.012310853090932985,0.01927593470700284,0.002497313123306366,-0.012056494792559658,0.3936943032404194,-0.005026655441158878,0.007552151814150365,0.002763936930387218,2
ABB,breakout,2018-01-01,latest,30,10,True,100,14,True,0.8,1.0,0.06,0.2,0.06,14,0.5,30,0.5,1.858443849477082,0.012310853090932985,0.02568514717071979,0.003318572608898007,-0.016058208832402054,0.3936334995463416,-0.006698475187127739,0.01005257615194699,0.0036779096850499643,2
ABB,breakout,2018-01-01,latest,30,10,True,100,14,True,0.8,1.0,0.08,0.12,0.08,14,0.5,31,0.5161290322580645,1.8561891106059851,0.011701321279536008,0.018777015745696346,0.0024331947947904276,-0.010605961320432011,0.3928066841807091,-0.007150885053608613,0.009568781317426778,0.0026949233738409184,1
ABB,breakout,2018-01-01,latest,30,10,True,100,14,True,0.8,1.0,0.08,0.12,,14,0.5,31,0.5161290322580645,1.8561891106059851,0.011701321279536008,0.018777015745696346,0.0024331947947904276,-0.010605961320432011,0.3928066841807091,-0.007150885053608613,0.009568781317426778,0.0026949233738409184,1
ABB,breakout,2018-01-01,latest,30,10,True,100,14,True,0.8,1.0,0.08,0.12,0.1,14,0.5,31,0.5161290322580645,1.8561891106059851,0.011701321279536008,0.018777015745696346,0.0024331947947904276,-0.010605961320432011,0.3928066841807091,-0.007150885053608613,0.009568781317426778,0.0026949233738409184,1
ABB,breakout,2018-01-01,latest,30,10,True,100,14,True,0.8,1.0,0.1,0.12,,0,0.5,31,0.5161290322580645,1.8572728763868083,0.011701321279536008,0.015021281787246155,0.0019496503291489553,-0.008489535157778838,0.3927788405761756,-0.005722743250780926,0.007653681068892526,0.0021573872930529575,1
ABB,breakout,2018-01-01,latest,30,10,True,100,14,True,0.8,1.0,0.1,0.15,0.08,14,0.5,30,0.5333333333333333,1.8091878770862797,0.012344931749004733,0.015484994761530313,0.0020094366849277012,-0.008922979271585474,0.39088133125755964,-0.005722743250781148,0.005071926342716582,0.002221890955115459,1
ABB,breakout,2018-01-01,latest,30,10,True,100,14,True,0.8,1.0,0.08,0.15,0.1,14,0.5,30,0.5333333333333333,1.8077889262858458,0.012344931749004733,0.01935149864932617,0.0025070218074667583,-0.011147939087714831,0.3908527164401778,-0.007150885053609057,0.006340040733558983,0.0027742873981238298,1
ABB,breakout,2018-01-01,latest,30,10,True,100,14,True,0.8,1.0,0.08,0.15,0.1,0,0.5,30,0.5333333333333333,1.8077889262858458,0.012344931749004733,0.01935149864932617,0.0025070218074667583,-0.011147939087714831,0.3908527164401778,-0.007150885053609057,0.006340040733558983,0.0027742873981238298,1
ABB,breakout,2018-01-01,latest,30,10,True,100,14,True,0.8,1.0,0.08,0.15,,0,0.5,30,0.5333333333333333,1.8077889262858458,0.012344931749004733,0.01935149864932617,0.0025070218074667583,-0.011147939087714831,0.3908527164401778,-0.007150885053609057,0.006340040733558983,0.0027742873981238298,1
ABB,breakout,2018-01-01,latest,30,10,True,100,14,True,0.8,1.0,0.08,0.15,0.08,14,0.5,30,0.5333333333333333,1.8077889262858458,0.012344931749004733,0.01935149864932617,0.0025070218074667583,-0.011147939087714831,0.3908527164401778,-0.007150885053609057,0.006340040733558983,0.0027742873981238298,1
ABB,breakout,2018-01-01,latest,30,10,True,100,14,True,0.8,0.0,0.06,0.15,0.06,0,0.5,25,0.52,1.8604401175864622,0.015314532918598543,0.02777628163725998,0.0035855598443668146,-0.013904963074644616,0.3880563862980065,-0.008256748720197549,0.017708256420001955,0.004311853046086754,2
ABB,breakout,2018-01-01,latest,30,10,True,100,14,True,0.8,0.0,0.1,0.15,0.06,0,0.5,25,0.52,1.8600337929942343,0.015314532918598543,0.016649611537345566,0.0021594857360045516,-0.008362693043857616,0.3874602535764346,-0.0049529962965322305,0.010604683545903493,0.0025866184042770174,2
ABB,breakout,2018-01-01,latest,20,10,True,100,14,True,0.5,1.0,0.06,0.12,0.06,14,0.5,40,0.55,1.6575192134024133,0.010045757217755599,0.026665165783505307,0.003443756116869645,-0.01896945569761843,0.3802172970073927,-0.005576487170944944,0.011577792880330895,0.003917546311149219,2
ABB,breakout,2018-01-01,latest,20,10,True,100,14,True,0.5,1.0,0.06,0.12,0.06,0,0.5,40,0.55,1.6575192134024133,0.010045757217755599,0.026665165783505307,0.003443756116869645,-0.01896945569761843,0.3802172970073927,-0.005576487170944944,0.011577792880330895,0.003917546311149219,2
ABB,breakout,2018-01-01,latest,20,10,True,100,14,True,0.5,1.0,0.08,0.12,0.06,0,0.5,40,0.55,1.6599958638018726,0.010045757217755599,0.020006630318702312,0.0025911688910429387,-0.014253903127631307,0.38020523465915057,-0.0041719224388652165,0.008674731987454276,0.002943465775237281,2
ABB,breakout,2018-01-01,latest,20,10,True,100,14,True,0.5,1.0,0.1,0.12,0.06,0,0.5,40,0.55,1.661483262254611,0.010045757217755599,0.01600882719262886,0.0020769456789337948,-0.011416012023159006,0.3801974771510185,-0.003332508525732525,0.0069356541403937655,0.002357321483079449,2
ABB,breakout,2018-01-01,latest,20,10,True,100,14,True,0.8,1.0,0.1,0.2,0.06,14,0.5,34,0.5294117647058824,1.8533254185281085,0.01114084261846265,0.015451913342773294,0.0020051722951752726,-0.006326092226473401,0.3753548302869513,-0.004022668746957114,0.006047833945832304,0.002350807845618998,2
ABB,breakout,2018-01-01,latest,20,10,True,100,14,True,0.5,1.0,0.08,0.12,,0,0.5,38,0.5789473684210527,1.6710221340191136,0.010518340192561126,0.02010999813418768,0.0026044414725576726,-0.017053141348686407,0.36724538208968976,-0.005917134700129223,0.00867473198745472,0.0029567948827238866,1
ABB,breakout,2018-01-01,latest,20,10,True,100,14,True,0.5,1.0,0.08,0.12,0.1,14,0.5,38,0.5789473684210527,1.6710221340191136,0.010518340192561126,0.02010999813418768,0.0026044414725576726,-0.017053141348686407,0.36724538208968976,-0.005917134700129223,0.00867473198745472,0.0029567948827238866,1
ABB,breakout,2018-01-01,latest,20,10,True,100,14,True,0.8,1.0,0.06,0.12,,0,0.5,35,0.5428571428571428,1.8778982803263804,0.010134503527684696,0.02363828313106575,0.0030567789459738925,-0.011427374976183069,0.35036526887210445,-0.00669847518712785,0.009705385226298269,0.0036072447634249516,1
ABB,breakout,2018-01-01,latest,20,10,True,100,14,True,0.8,1.0,0.06,0.12,0.1,0,0.5,35,0.5428571428571428,1.8778982803263804,0.010134503527684696,0.02363828313106575,0.0030567789459738925,-0.011427374976183069,0.35036526887210445,-0.00669847518712785,0.009705385226298269,0.0036072447634249516,1
ABB,breakout,2018-01-01,latest,20,10,True,100,14,True,0.8,1.0,0.06,0.12,,14,0.5,35,0.5428571428571428,1.8778982803263804,0.010134503527684696,0.02363828313106575,0.0030567789459738925,-0.011427374976183069,0.35036526887210445,-0.00669847518712785,0.009705385226298269,0.0036072447634249516,1
ABB,breakout,2018-01-01,latest,20,10,True,100,14,True,0.8,1.0,0.06,0.12,0.1,14,0.5,35,0.5428571428571428,1.8778982803263804,0.010134503527684696,0.02363828313106575,0.0030567789459738925,-0.011427374976183069,0.35036526887210445,-0.00669847518712785,0.009705385226298269,0.0036072447634249516,1
ABB,breakout,2018-01-01,latest,20,10,True,100,14,True,0.8,1.0,0.1,0.15,0.08,0,0.5,34,0.5588235294117647,1.6360904019873712,0.009901991511449916,0.01331747833736907,0.0017297754287228795,-0.008569035157037885,0.31735172730722117,-0.005722743250781148,0.005816783229563693,0.002049850747676988,2
ABB,breakout,2018-01-01,latest,20,10,True,100,14,True,0.8,1.0,0.1,0.15,0.1,14,0.5,34,0.5588235294117647,1.6360904019873712,0.009901991511449916,0.01331747833736907,0.0017297754287228795,-0.008569035157037885,0.31735172730722117,-0.005722743250781148,0.005816783229563693,0.002049850747676988,2
ABB,breakout,2018-01-01,latest,20,10,True,100,14,True,0.8,1.0,0.1,0.15,,0,0.5,34,0.5588235294117647,1.6360904019873712,0.009901991511449916,0.01331747833736907,0.0017297754287228795,-0.008569035157037885,0.31735172730722117,-0.005722743250781148,0.005816783229563693,0.002049850747676988,2
ABB,breakout,2018-01-01,latest,20,10,True,100,14,True,0.8,1.0,0.08,0.15,,14,0.5,34,0.5588235294117647,1.6342883907649093,0.009901991511449916,0.01663109921836603,0.0021571017806492065,-0.010700747147732836,0.31735035700212394,-0.007150885053609057,0.007274001121106322,0.0025591319220512293,2
ABB,breakout,2018-01-01,latest,20,10,True,100,14,True,0.8,1.0,0.08,0.15,0.08,14,0.5,34,0.5588235294117647,1.6342883907649093,0.009901991511449916,0.01663109921836603,0.0021571017806492065,-0.010700747147732836,0.31735035700212394,-0.007150885053609057,0.007274001121106322,0.0025591319220512293,2
ABB,breakout,2018-01-01,latest,20,10,True,100,14,True,0.8,1.0,0.08,0.15,0.08,0,0.5,34,0.5588235294117647,1.6342883907649093,0.009901991511449916,0.01663109921836603,0.0021571017806492065,-0.010700747147732836,0.31735035700212394,-0.007150885053609057,0.007274001121106322,0.0025591319220512293,2
ABB,breakout,2018-01-01,latest,20,10,True,100,14,True,0.8,1.0,0.08,0.15,0.1,14,0.5,34,0.5588235294117647,1.6342883907649093,0.009901991511449916,0.01663109921836603,0.0021571017806492065,-0.010700747147732836,0.31735035700212394,-0.007150885053609057,0.007274001121106322,0.0025591319220512293,2
ABB,breakout,2018-01-01,latest,20,10,True,100,14,True,0.3,1.0,0.06,0.15,0.08,14,0.5,42,0.5952380952380952,1.5188624035855192,0.008860639964626701,0.023690723427273852,0.0030634917315672805,-0.021322459391818094,0.3093955858476098,-0.012303813792526541,0.011577792880330673,0.0036172684868158245,1
ABB,breakout,2018-01-01,latest,20,10,True,100,14,True,0.3,1.0,0.06,0.2,,0,0.5,43,0.6046511627906976,1.5649155679787958,0.008574671891776419,0.023204262973172796,0.0030012093464102385,-0.02150871562542822,0.2975901415835739,-0.012303813792526541,0.01157779288033045,0.003551167554827888,1
ABB,breakout,2018-01-01,latest,30,10,True,100,14,True,0.8,1.0,0.06,0.15,0.06,0,0.5,31,0.5161290322580645,1.6342531867941632,0.00907452837347687,0.018141448392105408,0.0023514756155469385,-0.016637357719437085,0.29290915935529405,-0.00825674872019777,0.009378635376890765,0.0026250400928571815,2
ABB,breakout,2018-01-01,latest,30,10,True,100,14,True,0.8,1.0,0.08,0.15,0.06,0,0.5,31,0.5161290322580645,1.6356386311403517,0.00907452837347687,0.013627276191466864,0.0017697785666679344,-0.012493728095303913,0.29279197522916656,-0.006191745654728464,0.007033252718030569,0.001970992332551285,2
ABB,breakout,2018-01-01,latest,30,10,True,100,14,True,0.8,1.0,0.1,0.15,0.06,14,0.5,31,0.5161290322580645,1.636468904010689,0.00907452837347687,0.010911894394694865,0.0014187882619050018,-0.010002524687501624,0.29272119030449095,-0.0049529962965322305,0.005626249926135474,0.001577856559920107,2
ABB,breakout,2018-01-01,latest,20,10,True,100,14,True,0.3,1.0,0.06,0.15,0.06,14,0.5,43,0.5813953488372093,1.5123553561751089,0.008052883025457256,0.02140586133781497,0.0027707331081212594,-0.021322459391818205,0.2884737661809979,-0.00827084576944681,0.011577792880330895,0.003293175377673374,2
ABB,breakout,2018-01-01,latest,30,10,True,100,14,True,0.8,1.0,0.06,0.12,0.06,14,0.5,32,0.5,1.5907945880592846,0.008397222454184,0.016928000182271807,0.002195331156965352,-0.01687962029184542,0.2833376545259333,-0.00926643201345001,0.013691006018650143,0.002458824870818388,2
ABB,breakout,2018-01-01,latest,30,10,True,100,14,True,0.8,1.0,0.1,0.12,0.06,14,0.5,32,0.5,1.5926280715170762,0.008397222454184,0.010183297098137256,0.0013244703023467252,-0.010149183128140282,0.2831821080606147,-0.005563557122712615,0.008209428557898413,0.001476349515909676,2
ABB,breakout,2018-01-01,latest,20,10,True,100,14,True,0.3,1.0,0.1,0.2,0.06,14,0.5,45,0.5777777777777777,1.5264249210717291,0.007797386466025215,0.01288531391171377,0.0016739537487902023,-0.012950349944273132,0.2829139401110504,-0.0049673931235816315,0.0069356541403937655,0.001981648584521402,1
ABB,breakout,2018-01-01,latest,20,10,True,100,14,True,0.3,1.0,0.08,0.2,0.06,0,0.5,45,0.5777777777777777,1.5243531259704388,0.007797386466025215,0.016077698317378264,0.00208581920607398,-0.0161667629320269,0.2828491699803115,-0.006206950915841003,0.008674731987454942,0.0024721195620695602,1
ABB,breakout,2018-01-01,latest,20,10,True,100,14,True,0.3,1.0,0.06,0.2,0.06,0,0.5,45,0.5777777777777777,1.5209173879702444,0.007797386466025215,0.021372111505346014,0.0027664044879713856,-0.021508715625428776,0.28274162602109104,-0.00827084576944681,0.011577792880331117,0.0032852196897178443,1
ABB,breakout,2018-01-01,latest,20,10,True,100,14,True,0.8,1.0,0.06,0.15,0.06,14,0.5,35,0.5428571428571428,1.6307479419681241,0.008307812453643528,0.018186871778886893,0.0023573174778950268,-0.010712271883565938,0.2784607238155434,-0.008730572123813563,0.009705385226298047,0.0028547037790637164,2
ABB,breakout,2018-01-01,latest,20,10,True,100,14,True,0.8,1.0,0.1,0.15,0.06,14,0.5,35,0.5428571428571428,1.6336767110916544,0.008307812453643528,0.010937303768399964,0.0014220764750225712,-0.006436032476567988,0.2780570628017432,-0.005238237395442491,0.005816783229563693,0.001714997829866029,2
ABB,breakout,2018-01-01,latest,20,10,True,100,14,True,0.8,1.0,0.08,0.12,,0,0.5,35,0.5428571428571428,1.546585086031085,0.007927811914213418,0.012808654988188062,0.0016640497307121027,-0.010700747147732281,0.2501262119272826,-0.007150885053608946,0.007274001121106322,0.0020182677379347075,2
ABB,breakout,2018-01-01,latest,20,10,True,100,14,True,0.8,1.0,0.08,0.12,0.08,0,0.5,35,0.5428571428571428,1.546585086031085,0.007927811914213418,0.012808654988188062,0.0016640497307121027,-0.010700747147732281,0.2501262119272826,-0.007150885053608946,0.007274001121106322,0.0020182677379347075,2
ABB,breakout,2018-01-01,latest,20,10,True,100,14,True,0.8,1.0,0.08,0.12,0.1,0,0.5,35,0.5428571428571428,1.546585086031085,0.007927811914213418,0.012808654988188062,0.0016640497307121027,-0.010700747147732281,0.2501262119272826,-0.007150885053608946,0.007274001121106322,0.0020182677379347075,2
ABB,breakout,2018-01-01,latest,20,10,True,100,14,True,0.8,1.0,0.1,0.12,0.08,0,0.5,35,0.5428571428571428,1.5480340288757803,0.007927811914213418,0.010259674510338712,0.0013343602416497902,-0.008569035157037885,0.24999282531455913,-0.005722743250781259,0.005816783229563693,0.0016163641657536618,2
ABB,breakout,2018-01-01,latest,20,10,True,100,14,True,0.3,1.0,0.1,0.15,,0,0.5,42,0.5952380952380952,1.362032886548146,0.00710499285499954,0.010523573165270639,0.0013685268825549546,-0.014968172697898074,0.2265273816481635,-0.008913990856187048,0.0069356541403937655,0.001652630009172183,2
ABB,breakout,2018-01-01,latest,20,10,True,100,14,True,0.3,1.0,0.08,0.15,,14,0.5,42,0.5952380952380952,1.3602210868398699,0.00710499285499954,0.013112704735817715,0.0017033278765061777,-0.018682889272392367,0.22638084137054684,-0.011135542589446712,0.008674731987454498,0.0020616147314710238,2
ABB,breakout,2018-01-01,latest,20,10,True,100,14,True,0.3,1.0,0.1,0.12,0.06,14,0.5,46,0.5652173913043478,1.3688187045325235,0.006242950062922307,0.009601057016546788,0.001249055969931856,-0.014787560827734914,0.22003849227823463,-0.0049673931235817426,0.0069356541403935434,0.0015180572145229324,2
ABB,breakout,2018-01-01,latest,20,10,True,100,14,True,0.3,1.0,0.1,0.2,,14,0.5,43,0.6046511627906976,1.3886420292085082,0.006859853784698727,0.010240705189578314,0.0013319040076480437,-0.015081928157863356,0.2165074242071288,-0.008913990856186937,0.0069356541403937655,0.001613276042016522,2
ABB,breakout,2018-01-01,latest,20,10,True,100,14,True,0.3,1.0,0.1,0.2,,0,0.5,43,0.6046511627906976,1.3886420292085082,0.006859853784698727,0.010240705189578314,0.0013319040076480437,-0.015081928157863356,0.2165074242071288,-0.008913990856186937,0.0069356541403937655,0.001613276042016522,2
ABB,breakout,2018-01-01,latest,20,10,True,100,14,True,0.3,1.0,0.1,0.2,0.1,0,0.5,43,0.6046511627906976,1.3886420292085082,0.006859853784698727,0.010240705189578314,0.0013319040076480437,-0.015081928157863356,0.2165074242071288,-0.008913990856186937,0.0069356541403937655,0.001613276042016522,2
ABB,breakout,2018-01-01,latest,20,10,True,100,14,True,0.3,1.0,0.1,0.2,0.08,0,0.5,43,0.6046511627906976,1.3886420292085082,0.006859853784698727,0.010240705189578314,0.0013319040076480437,-0.015081928157863356,0.2165074242071288,-0.008913990856186937,0.0069356541403937655,0.001613276042016522,2
ABB,breakout,2018-01-01,latest,20,10,True,100,14,True,0.3,1.0,0.08,0.2,0.1,14,0.5,43,0.6046511627906976,1.3865172418562168,0.006859853784698727,0.01275570601338405,0.0016572085601009867,-0.018823951892407043,0.21636273665237774,-0.011135542589446823,0.008674731987454498,0.0020122715813326903,2
ABB,breakout,2018-01-01,latest,20,10,True,100,14,True,0.3,1.0,0.08,0.2,,14,0.5,43,0.6046511627906976,1.3865172418562168,0.006859853784698727,0.01275570601338405,0.0016572085601009867,-0.018823951892407043,0.21636273665237774,-0.011135542589446823,0.008674731987454498,0.0020122715813326903,2
ABB,breakout,2018-01-01,latest,20,10,True,100,14,True,0.3,1.0,0.08,0.2,0.1,0,0.5,43,0.6046511627906976,1.3865172418562168,0.006859853784698727,0.01275570601338405,0.0016572085601009867,-0.018823951892407043,0.21636273665237774,-0.011135542589446823,0.008674731987454498,0.0020122715813326903,2
ABB,breakout,2018-01-01,latest,20,10,True,100,14,True,0.3,1.0,0.08,0.2,0.08,0,0.5,43,0.6046511627906976,1.3865172418562168,0.006859853784698727,0.01275570601338405,0.0016572085601009867,-0.018823951892407043,0.21636273665237774,-0.011135542589446823,0.008674731987454498,0.0020122715813326903,2
ABB,breakout,2018-01-01,latest,20,10,True,100,14,True,0.8,1.0,0.08,0.12,0.06,14,0.5,36,0.5277777777777778,1.4635801341892818,0.006294079812397973,0.009510454495155196,0.00123731732782284,-0.008224508660190644,0.198425339573402,-0.007308548422746308,0.0072740011211060995,0.0015549589044124052,2
ABB,breakout,2018-01-01,latest,20,10,True,100,14,True,0.8,1.0,0.08,0.12,0.06,0,0.5,36,0.5277777777777778,1.4635801341892818,0.006294079812397973,0.009510454495155196,0.00123731732782284,-0.008224508660190644,0.198425339573402,-0.007308548422746308,0.0072740011211060995,0.0015549589044124052,2
ABB,breakout,2018-01-01,latest,20,10,True,100,14,True,0.3,1.0,0.1,0.12,0.08,14,0.5,44,0.5909090909090909,1.2828752610998964,0.0054527494412541155,0.007404937592178085,0.0009642640965821236,-0.01691517150160393,0.16364830617465437,-0.008913990856186937,0.0069356541403935434,0.0012099275466778772,2
ABB,breakout,2018-01-01,latest,20,10,True,100,14,True,0.3,1.0,0.1,0.12,0.08,0,0.5,44,0.5909090909090909,1.2828752610998964,0.0054527494412541155,0.007404937592178085,0.0009642640965821236,-0.01691517150160393,0.16364830617465437,-0.008913990856186937,0.0069356541403935434,0.0012099275466778772,2
ABB,breakout,2018-01-01,latest,20,10,True,100,14,True,0.3,1.0,0.1,0.12,0.1,0,0.5,44,0.5909090909090909,1.2828752610998964,0.0054527494412541155,0.007404937592178085,0.0009642640965821236,-0.01691517150160393,0.16364830617465437,-0.008913990856186937,0.0069356541403935434,0.0012099275466778772,2
ABB,breakout,2018-01-01,latest,20,10,True,100,14,True,0.3,1.0,0.08,0.12,0.1,0,0.5,44,0.5909090909090909,1.2813702844350028,0.0054527494412541155,0.009215504419572751,0.0011990966667403402,-0.021106994211885333,0.16359544124251205,-0.011135542589446601,0.00867473198745472,0.0015092488814983612,2
ABB,breakout,2018-01-01,latest,20,10,True,100,14,True,0.3,1.0,0.08,0.12,0.08,0,0.5,44,0.5909090909090909,1.2813702844350028,0.0054527494412541155,0.009215504419572751,0.0011990966667403402,-0.021106994211885333,0.16359544124251205,-0.011135542589446601,0.00867473198745472,0.0015092488814983612,2
ABB,breakout,2018-01-01,latest,20,10,True,100,14,True,0.3,1.0,0.08,0.12,0.1,14,0.5,44,0.5909090909090909,1.2813702844350028,0.0054527494412541155,0.009215504419572751,0.0011990966667403402,-0.021106994211885333,0.16359544124251205,-0.011135542589446601,0.00867473198745472,0.0015092488814983612,2
