Ticker,EntryDate,ExitDate,EntryPx,ExitPx,Shares,PnL,Return,Reason
SEB A,2019-01-30,2019-02-20,95.24,94.96,52.0,-14.55999999999949,-0.0029399412011760218,RuleExit
ATCO A,2019-01-30,2019-03-06,59.125,61.9375,84.0,236.25,0.04756871035940802,RuleExit
VOLV B,2019-01-31,2019-03-07,130.05,134.7,38.0,176.6999999999989,0.035755478662052864,RuleExit
INVE B,2019-02-01,2019-03-07,100.625,101.975,49.0,66.14999999999964,0.013416149068322891,RuleExit
SAND,2019-02-20,2019-03-07,152.4,149.0,26.0,-88.40000000000009,-0.022309711286089273,RuleExit
ERIC B,2019-03-14,2019-03-22,88.36,86.84,57.0,-86.63999999999942,-0.017202354006337628,RuleExit
VOLV B,2019-03-19,2019-03-25,141.0,133.0,35.0,-280.0,-0.05673758865248224,RuleExit
SAND,2019-03-19,2019-03-26,157.15,147.9,28.0,-259.0,-0.05886096086541526,RuleExit
ASSA B,2019-02-01,2019-04-10,170.75,206.4,29.0,1033.8500000000004,0.2087847730600294,TakeProfit
ASSA B,2019-04-10,2019-04-26,206.4,203.0,24.0,-81.60000000000036,-0.016472868217054293,RuleExit
SAAB B,2019-04-26,2019-05-03,83.63,75.98,57.0,-436.0499999999993,-0.09147435130933868,StopLoss
VOLV B,2019-03-28,2019-05-06,141.15,145.7,35.0,159.25,0.03223521076868563,RuleExit
SAND,2019-04-02,2019-05-06,158.55,167.95,25.0,234.99999999999955,0.05928729107537034,RuleExit
ATCO A,2019-04-01,2019-05-07,64.975,70.4,77.0,417.72500000000036,0.08349365140438647,RuleExit
INVE B,2019-03-18,2019-05-09,105.025,106.7,48.0,80.39999999999964,0.015948583670554628,RuleExit
ERIC B,2019-05-22,2019-06-14,96.74,89.28,52.0,-387.91999999999916,-0.07711391358279918,RuleExit
ATCO A,2019-06-13,2019-07-05,71.225,72.75,70.0,106.75,0.02141102141102147,RuleExit
SAND,2019-06-18,2019-07-05,166.0,164.5,29.0,-43.5,-0.009036144578313254,RuleExit
SWED A,2019-07-05,2019-07-17,146.65,134.75,34.0,-404.60000000000036,-0.08114558472553701,StopLoss
SAAB B,2019-06-10,2019-07-30,72.95,76.4,69.0,238.05000000000018,0.047292666209732825,RuleExit
SEB A,2019-07-05,2019-07-30,90.32,91.68,52.0,70.72000000000116,0.015057573073516517,RuleExit
ASSA B,2019-06-10,2019-08-02,198.25,217.9,25.0,491.25,0.09911727616645649,RuleExit
INVE B,2019-06-13,2019-08-02,110.025,113.75,45.0,167.625,0.03385594183140195,RuleExit
ATCO A,2019-08-01,2019-08-02,75.0,71.525,67.0,-232.82499999999982,-0.046333333333333226,RuleExit
VOLV B,2019-09-04,2019-09-23,135.55,139.75,37.0,155.39999999999964,0.030984876429361874,RuleExit
ABB,2019-08-29,2019-09-24,183.9,190.85,27.0,187.64999999999964,0.03779227841218047,RuleExit
SAND,2019-09-04,2019-09-24,142.85,151.05,35.0,287.0,0.0574028701435072,RuleExit
ATCO A,2019-08-30,2019-09-25,73.275,75.375,69.0,144.89999999999964,0.028659160696008046,RuleExit
INVE B,2019-08-30,2019-10-02,115.05,116.0,44.0,41.80000000000018,0.008257279443720122,RuleExit
ASSA B,2019-10-01,2019-10-02,220.7,212.0,23.0,-200.09999999999945,-0.039420027186225615,RuleExit
SWED A,2019-10-17,2019-10-29,142.75,136.45,35.0,-220.5,-0.04413309982486868,RuleExit
SEB A,2019-10-11,2019-10-30,92.16,93.56,55.0,77.0,0.015190972222222321,RuleExit
ASSA B,2019-10-18,2019-11-11,226.5,225.0,21.0,-31.5,-0.0066225165562914245,RuleExit
SAND,2019-10-18,2019-11-18,166.25,174.95,30.0,261.0,0.052330827067669006,RuleExit
VOLV B,2019-11-12,2019-11-18,153.75,149.3,30.0,-133.5,-0.028943089430894187,RuleExit
INVE B,2019-10-30,2019-11-20,124.675,125.75,40.0,43.0,0.008622418287547617,RuleExit
SAAB B,2019-11-19,2019-11-28,81.8,79.5,62.0,-142.59999999999945,-0.028117359413202925,RuleExit
ERIC B,2019-10-09,2019-12-02,81.74,85.42,62.0,228.15999999999985,0.045020797651088795,RuleExit
ABB,2019-10-29,2019-12-02,205.3,207.9,24.0,62.399999999999636,0.012664393570384735,RuleExit
ERIC B,2019-12-04,2019-12-11,88.14,85.26,57.0,-164.15999999999985,-0.032675289312457445,RuleExit
INVE B,2019-12-11,2019-12-30,129.4,127.8,39.0,-62.400000000000546,-0.012364760432766686,RuleExit
SAND,2019-12-09,2020-01-03,180.3,182.45,28.0,60.19999999999891,0.011924570160842807,RuleExit
SWED A,2019-12-30,2020-01-14,139.45,135.85,36.0,-129.60000000000036,-0.02581570455360338,RuleExit
SAAB B,2020-01-07,2020-01-23,82.5,82.03,60.0,-28.199999999999818,-0.005696969696969645,RuleExit
ABB,2019-12-06,2020-01-27,214.5,224.4,23.0,227.69999999999982,0.04615384615384621,RuleExit
ATCO A,2019-12-11,2020-01-27,91.2,94.425,55.0,177.375,0.03536184210526305,RuleExit
ASSA B,2020-01-14,2020-01-31,224.9,229.3,22.0,96.80000000000018,0.019564250778123737,RuleExit
ABB,2020-02-04,2020-02-21,230.6,233.7,22.0,68.19999999999982,0.013443191673894184,RuleExit
INVE B,2020-01-24,2020-02-24,134.9,132.7,34.0,-74.80000000000109,-0.01630837657524109,RuleExit
VOLV B,2020-01-30,2020-02-24,163.9,162.25,31.0,-51.150000000000546,-0.010067114093959773,RuleExit
SEB A,2019-12-13,2020-02-25,88.24,97.96,56.0,544.3199999999997,0.11015412511332734,RuleExit
SWED A,2020-01-28,2020-02-25,142.9,153.3,35.0,364.0,0.0727781665500351,RuleExit
ASSA B,2020-04-17,2020-04-30,191.85,176.05,27.0,-426.59999999999945,-0.0823560072973677,TrailingStop
INVE B,2020-04-07,2020-05-04,117.975,116.0,43.0,-84.92500000000018,-0.016740834922653103,RuleExit
ATCO A,2020-04-07,2020-05-04,83.75,80.325,61.0,-208.92500000000018,-0.04089552238805971,TrailingStop
SEB A,2020-04-30,2020-05-04,80.34,73.72,62.0,-410.4399999999996,-0.08239980084640286,StopLoss
ERIC B,2020-03-30,2020-05-14,78.68,79.54,65.0,55.899999999999636,0.010930350788002086,RuleExit
SAND,2020-04-27,2020-05-14,149.05,137.3,32.0,-376.0,-0.07883260650788326,TrailingStop
VOLV B,2020-05-25,2020-06-11,130.0,136.2,39.0,241.79999999999927,0.0476923076923077,TrailingStop
SEB A,2020-05-27,2020-06-11,81.16,78.82,62.0,-145.08000000000084,-0.0288319369147364,RuleExit
SAAB B,2020-05-28,2020-06-11,58.78,56.85,79.0,-152.46999999999935,-0.03283429738006127,TrailingStop
SWED A,2020-05-27,2020-06-17,118.4,121.58,42.0,133.5599999999995,0.02685810810810807,RuleExit
SAND,2020-07-02,2020-07-16,177.9,173.85,28.0,-113.39999999999964,-0.022765598650927532,RuleExit
ABB,2020-06-22,2020-07-21,205.1,221.6,24.0,396.0,0.08044856167723058,RuleExit
ATCO A,2020-05-26,2020-07-24,91.15,100.05,55.0,489.5,0.09764125068568275,RuleExit
SEB A,2020-07-16,2020-07-27,91.66,87.48,55.0,-229.89999999999964,-0.04560331660484396,RuleExit
VOLV B,2020-07-06,2020-07-28,153.35,156.0,29.0,76.85000000000036,0.017280730355396123,RuleExit
ERIC B,2020-07-06,2020-08-14,91.88,100.55,55.0,476.85000000000036,0.09436221158032221,RuleExit
SAAB B,2020-07-21,2020-08-14,72.2,69.95,68.0,-153.0,-0.03116343490304707,RuleExit
ABB,2020-08-17,2020-08-21,231.1,226.0,22.0,-112.19999999999982,-0.022068368671570693,RuleExit
ASSA B,2020-08-24,2020-09-03,204.9,198.55,25.0,-158.75,-0.030990727183992206,RuleExit
ERIC B,2020-08-26,2020-09-03,103.8,97.1,49.0,-328.3000000000002,-0.06454720616570331,RuleExit
INVE B,2020-08-03,2020-09-04,133.4,137.3,38.0,148.20000000000073,0.029235382308845592,RuleExit
SWED A,2020-08-28,2020-09-18,148.94,141.4,34.0,-256.3599999999997,-0.05062441251510674,RuleExit
VOLV B,2020-08-11,2020-09-21,164.2,164.95,31.0,23.25,0.00456760048721061,RuleExit
SAND,2020-09-07,2020-09-21,179.6,176.35,28.0,-91.0,-0.018095768374164822,RuleExit
INVE B,2020-09-09,2020-10-09,143.15,141.5,33.0,-54.44999999999982,-0.011526370939573871,RuleExit
ATCO A,2020-09-07,2020-10-15,102.1,104.15,50.0,102.5,0.02007835455435858,RuleExit
ASSA B,2020-09-18,2020-10-21,216.0,208.0,23.0,-184.0,-0.03703703703703709,RuleExit
ABB,2020-10-05,2020-10-21,232.0,231.6,22.0,-8.800000000000182,-0.0017241379310345417,RuleExit
VOLV B,2020-09-28,2020-10-26,175.95,176.8,29.0,24.650000000001455,0.004830917874396157,RuleExit
SEB A,2020-10-16,2020-10-26,84.38,81.26,60.0,-187.1999999999989,-0.036975586631903146,RuleExit
SWED A,2020-10-16,2020-10-28,147.18,140.36,34.0,-231.8799999999992,-0.046337817638266054,RuleExit
ERIC B,2020-10-21,2020-10-30,108.0,99.28,47.0,-409.84000000000015,-0.08074074074074078,StopLoss
VOLV B,2020-11-05,2020-11-30,189.15,194.8,26.0,146.89999999999964,0.029870473169442358,RuleExit
INVE B,2020-11-05,2020-11-30,143.35,148.4,35.0,176.75,0.03522846180676664,RuleExit
SEB A,2020-11-09,2020-11-30,88.22,90.66,57.0,139.07999999999993,0.027658127408750843,RuleExit
SWED A,2020-11-09,2020-11-30,153.16,155.22,32.0,65.92000000000007,0.013449986941760361,RuleExit
ATCO A,2020-12-09,2020-12-10,111.375,107.275,45.0,-184.5,-0.036812570145903445,RuleExit
SAAB B,2020-12-15,2020-12-21,61.2,58.43,83.0,-229.91000000000076,-0.04526143790849679,RuleExit
SAND,2020-11-09,2021-01-07,179.4,215.9,28.0,1022.0,0.2034559643255296,TakeProfit
SAAB B,2020-12-29,2021-01-13,61.43,58.35,82.0,-252.5600000000004,-0.05013836887514245,RuleExit
VOLV B,2021-01-05,2021-01-27,200.6,207.8,23.0,165.60000000000036,0.03589232303090739,RuleExit
SAND,2021-01-07,2021-01-27,215.9,214.3,23.0,-36.79999999999927,-0.007410838351088467,RuleExit
INVE B,2020-12-29,2021-01-29,150.35,153.6,33.0,107.25,0.021616228799467896,RuleExit
ASSA B,2021-01-13,2021-01-29,215.7,207.1,23.0,-197.79999999999927,-0.039870190078813095,RuleExit
ABB,2020-12-28,2021-02-04,232.0,244.8,21.0,268.8000000000002,0.05517241379310356,RuleExit
ERIC B,2021-01-27,2021-02-17,100.4,109.55,50.0,457.5,0.09113545816733049,RuleExit
INVE B,2021-02-02,2021-02-17,160.55,158.55,31.0,-62.0,-0.01245717844908123,RuleExit
ASSA B,2021-02-08,2021-02-22,225.0,215.0,22.0,-220.0,-0.0444444444444444,RuleExit
ATCO A,2021-02-02,2021-02-26,119.275,120.525,42.0,52.5,0.010479983232026813,RuleExit
SAND,2021-02-19,2021-03-22,226.0,235.3,22.0,204.60000000000036,0.04115044247787614,RuleExit
VOLV B,2021-02-24,2021-03-23,221.5,217.9,23.0,-82.80000000000018,-0.016252821670428852,RuleExit
SWED A,2021-03-03,2021-03-23,153.44,159.18,33.0,189.42000000000098,0.0374087591240877,RuleExit
SEB A,2021-02-04,2021-04-15,93.6,106.15,54.0,677.7000000000007,0.13408119658119677,RuleExit
ATCO A,2021-03-24,2021-04-20,128.75,132.8,40.0,162.0,0.03145631067961174,RuleExit
ASSA B,2021-03-25,2021-04-20,242.0,249.0,21.0,147.0,0.02892561983471076,RuleExit
SAND,2021-04-16,2021-04-20,243.4,225.9,21.0,-367.5,-0.07189811010682001,RuleExit
ERIC B,2021-04-21,2021-05-04,120.6,113.74,42.0,-288.1199999999999,-0.05688225538971803,RuleExit
ABB,2021-03-08,2021-05-19,258.9,273.0,16.0,225.60000000000036,0.05446118192352278,RuleExit
SAAB B,2021-04-23,2021-05-19,61.93,60.88,83.0,-87.14999999999964,-0.016954626190860633,RuleExit
VOLV B,2021-05-07,2021-05-25,217.4,211.9,23.0,-126.5,-0.025298988040478365,RuleExit
SEB A,2021-05-05,2021-05-26,109.7,106.9,47.0,-131.60000000000036,-0.025524156791248864,RuleExit
VOLV B,2021-06-02,2021-06-16,228.6,224.75,21.0,-80.84999999999945,-0.016841644794400645,RuleExit
ABB,2021-06-01,2021-06-18,286.2,283.7,18.0,-45.0,-0.008735150244584156,RuleExit
INVE B,2021-03-25,2021-06-23,171.55,194.2,30.0,679.5,0.13203147770329338,RuleExit
ASSA B,2021-05-21,2021-06-30,256.5,257.8,20.0,26.0,0.005068226120857666,RuleExit
SEB A,2021-06-21,2021-07-08,109.85,110.15,47.0,14.100000000000364,0.00273099681383715,RuleExit
ERIC B,2021-07-02,2021-07-16,109.96,103.84,47.0,-287.6399999999994,-0.055656602400873,TrailingStop
ASSA B,2021-07-09,2021-08-03,268.3,275.9,19.0,144.39999999999964,0.028326500186358405,RuleExit
INVE B,2021-07-16,2021-08-16,211.3,209.2,24.0,-50.400000000001455,-0.009938476100331384,RuleExit
SEB A,2021-08-03,2021-08-17,117.8,117.35,44.0,-19.800000000000182,-0.0038200339558573937,RuleExit
SWED A,2021-05-21,2021-08-18,154.76,168.34,32.0,434.5600000000004,0.08774877229258204,RuleExit
ATCO A,2021-06-16,2021-08-18,131.95,147.2,34.0,518.5,0.11557408109132239,RuleExit
ASSA B,2021-08-17,2021-08-19,288.2,276.5,18.0,-210.59999999999945,-0.04059680777238028,RuleExit
ABB,2021-06-28,2021-08-27,292.0,324.5,17.0,552.5,0.11130136986301364,RuleExit
ERIC B,2021-08-24,2021-09-08,101.7,101.96,51.0,13.260000000000218,0.0025565388397246203,RuleExit
SWED A,2021-09-06,2021-09-15,171.4,167.56,30.0,-115.19999999999982,-0.02240373395565931,RuleExit
ATCO A,2021-09-14,2021-09-20,150.75,141.25,34.0,-323.0,-0.06301824212271978,RuleExit
SEB A,2021-09-06,2021-09-21,120.7,118.6,43.0,-90.30000000000018,-0.01739850869925441,RuleExit
ERIC B,2021-10-07,2021-10-22,102.74,99.67,50.0,-153.5,-0.02988125364999017,RuleExit
SEB A,2021-09-23,2021-11-17,124.3,136.15,41.0,485.85000000000036,0.0953338696701529,RuleExit
VOLV B,2021-09-27,2021-11-24,198.34,206.0,26.0,199.15999999999985,0.038620550569728795,RuleExit
SWED A,2021-09-23,2021-11-26,172.0,183.5,30.0,345.0,0.06686046511627897,RuleExit
INVE B,2021-10-22,2021-11-26,199.56,205.35,23.0,133.17000000000007,0.02901383042693917,RuleExit
SAND,2021-10-15,2021-11-30,212.3,224.4,22.0,266.1999999999998,0.05699481865284972,RuleExit
ABB,2021-11-17,2022-01-10,315.2,333.3,15.0,271.5,0.0574238578680204,RuleExit
ATCO A,2021-12-07,2022-01-10,148.95,146.85,35.0,-73.5,-0.014098690835850913,RuleExit
INVE B,2021-12-07,2022-01-11,220.45,218.55,23.0,-43.69999999999891,-0.008618734406894868,RuleExit
SAND,2021-12-07,2022-01-14,239.7,247.5,21.0,163.80000000000018,0.03254067584480613,RuleExit
SWED A,2022-01-12,2022-01-18,185.6,180.7,28.0,-137.20000000000073,-0.026400862068965525,RuleExit
ERIC B,2021-12-21,2022-01-24,97.46,100.36,54.0,156.60000000000036,0.02975579725015387,RuleExit
SAAB B,2022-01-11,2022-01-24,59.53,57.23,88.0,-202.40000000000055,-0.03863598185788686,RuleExit
VOLV B,2022-01-13,2022-01-24,222.8,206.7,23.0,-370.3000000000011,-0.0722621184919211,RuleExit
ERIC B,2022-01-25,2022-02-16,108.02,99.11,48.0,-427.6800000000003,-0.08248472505091642,TrailingStop
ASSA B,2022-02-07,2022-02-21,273.4,258.3,19.0,-286.89999999999964,-0.05523043160204821,RuleExit
SAAB B,2022-02-25,2022-03-01,60.58,73.03,86.0,1070.6999999999998,0.20551337074942233,TakeProfit
SAAB B,2022-03-01,2022-03-11,73.03,88.45,72.0,1110.2400000000007,0.21114610434068193,TakeProfit
ATCO A,2022-03-16,2022-03-25,131.05,121.425,40.0,-385.0,-0.07344524990461665,RuleExit
ABB,2022-03-16,2022-03-28,325.9,317.3,16.0,-137.59999999999945,-0.026388462718625272,RuleExit
SAAB B,2022-03-11,2022-03-29,88.45,85.2,60.0,-195.0,-0.036743923120406974,RuleExit
SWED A,2022-03-28,2022-03-31,156.56,141.0,33.0,-513.4800000000005,-0.09938681655595305,TrailingStop
VOLV B,2022-03-29,2022-03-31,186.1,176.6,28.0,-266.0,-0.05104782375067163,RuleExit
ERIC B,2022-03-30,2022-04-14,87.54,84.12,60.0,-205.19999999999982,-0.03906785469499663,RuleExit
INVE B,2022-03-16,2022-04-21,204.0,205.3,26.0,33.80000000000018,0.0063725490196078205,RuleExit
SWED A,2022-04-21,2022-05-02,160.0,154.7,32.0,-169.60000000000036,-0.03312500000000007,RuleExit
SEB A,2022-04-27,2022-05-09,116.05,104.3,45.0,-528.75,-0.1012494614390349,TrailingStop
ERIC B,2022-05-27,2022-06-10,81.4,76.38,64.0,-321.28000000000065,-0.0616707616707618,RuleExit
ABB,2022-05-27,2022-06-10,302.2,291.9,14.0,-144.20000000000073,-0.034083388484447474,RuleExit
SAAB B,2022-04-12,2022-06-13,93.2,99.43,56.0,348.8800000000001,0.0668454935622318,TrailingStop
VOLV B,2022-05-17,2022-06-13,166.8,165.18,31.0,-50.220000000000255,-0.009712230215827344,RuleExit
SAND,2022-05-27,2022-06-13,201.6,190.8,26.0,-280.7999999999993,-0.05357142857142849,RuleExit
ASSA B,2022-07-12,2022-08-09,234.1,226.8,22.0,-160.59999999999945,-0.031183255019222478,RuleExit
VOLV B,2022-07-18,2022-08-19,169.48,178.66,30.0,275.40000000000055,0.054165683266462095,RuleExit
INVE B,2022-07-08,2022-08-22,179.94,180.32,28.0,10.640000000000327,0.0021118150494610077,RuleExit
SWED A,2022-08-10,2022-08-22,140.5,138.3,31.0,-68.19999999999982,-0.01565836298932377,RuleExit
ATCO A,2022-07-19,2022-08-26,107.36,111.5,48.0,198.72000000000025,0.0385618479880776,RuleExit
ABB,2022-07-19,2022-08-29,286.8,302.2,18.0,277.1999999999989,0.05369595536959548,RuleExit
SEB A,2022-09-21,2022-09-26,113.7,106.0,45.0,-346.5,-0.06772207563764299,RuleExit
SWED A,2022-09-09,2022-09-29,143.85,145.15,36.0,46.80000000000109,0.009037191518943333,RuleExit
SAAB B,2022-10-10,2022-11-09,89.15,94.55,58.0,313.1999999999989,0.060572069545709484,RuleExit
ABB,2022-11-09,2022-12-06,317.2,322.2,13.0,65.0,0.015762925598991284,RuleExit
SAND,2022-10-17,2022-12-07,164.55,187.4,31.0,708.3500000000004,0.13886356730477045,RuleExit
ATCO A,2022-10-18,2022-12-07,111.98,128.34,46.0,752.5600000000004,0.14609751741382393,RuleExit
INVE B,2022-10-18,2022-12-07,173.92,191.32,28.0,487.2000000000007,0.10004599816007365,RuleExit
VOLV B,2022-10-17,2022-12-16,170.66,189.88,30.0,576.5999999999995,0.11262158678073364,RuleExit
ATCO A,2022-12-13,2022-12-16,134.24,126.54,39.0,-300.3000000000002,-0.05735995232419544,RuleExit
INVE B,2022-12-13,2022-12-16,197.18,189.22,27.0,-214.92000000000098,-0.040369205801805474,RuleExit
SAAB B,2022-12-06,2023-01-04,99.48,101.03,35.0,54.25,0.01558102131081629,RuleExit
SEB A,2022-12-27,2023-01-26,121.45,122.1,43.0,27.949999999999818,0.005351996706463469,RuleExit
SWED A,2022-12-13,2023-02-01,171.25,207.1,31.0,1111.3499999999995,0.20934306569343053,TakeProfit
ABB,2023-01-04,2023-02-09,336.0,349.7,15.0,205.5,0.04077380952380949,RuleExit
SAAB B,2023-01-26,2023-02-15,107.6,129.55,46.0,1009.7000000000007,0.20399628252788116,TakeProfit
SAND,2023-01-05,2023-02-21,198.35,213.9,26.0,404.3000000000011,0.07839677338038831,RuleExit
INVE B,2023-01-09,2023-02-21,198.9,200.75,25.0,46.25,0.009301156359979856,RuleExit
SAAB B,2023-02-15,2023-03-06,129.55,155.7,42.0,1098.2999999999993,0.2018525665766111,TakeProfit
SEB A,2023-02-16,2023-03-07,128.1,128.3,42.0,8.400000000000546,0.0015612802498050637,RuleExit
SWED A,2023-02-01,2023-03-10,207.1,199.05,26.0,-209.29999999999927,-0.03887011105746008,RuleExit
SAND,2023-03-06,2023-03-10,223.7,208.0,24.0,-376.7999999999993,-0.07018328118015194,RuleExit
VOLV B,2023-03-03,2023-03-13,217.8,202.2,25.0,-390.0,-0.07162534435261714,RuleExit
SAAB B,2023-03-06,2023-03-15,155.7,149.8,35.0,-206.5,-0.03789338471419379,RuleExit
ABB,2023-03-07,2023-03-15,360.5,337.2,15.0,-349.5,-0.06463245492371705,RuleExit
SAAB B,2023-03-28,2023-04-14,157.35,155.55,34.0,-61.19999999999891,-0.01143946615824587,RuleExit
ERIC B,2023-03-31,2023-04-18,60.6,57.07,89.0,-314.1700000000001,-0.05825082508250823,RuleExit
SAND,2023-04-12,2023-04-25,220.6,214.5,24.0,-146.39999999999964,-0.02765185856754304,RuleExit
SWED A,2023-04-19,2023-04-28,185.1,178.0,29.0,-205.89999999999964,-0.038357644516477496,RuleExit
SEB A,2023-04-26,2023-05-04,120.3,112.25,45.0,-362.25,-0.06691604322527012,RuleExit
INVE B,2023-04-04,2023-05-09,208.15,215.65,26.0,195.0,0.036031707902954624,RuleExit
ATCO A,2023-03-23,2023-05-19,127.3,157.2,42.0,1255.8000000000002,0.23487824037706195,TakeProfit
ASSA B,2023-05-11,2023-05-25,245.6,241.5,22.0,-90.19999999999982,-0.01669381107491852,RuleExit
INVE B,2023-05-30,2023-06-12,219.9,215.2,24.0,-112.80000000000109,-0.021373351523419792,RuleExit
ATCO A,2023-05-19,2023-06-16,157.2,156.6,34.0,-20.399999999999636,-0.003816793893129722,RuleExit
ASSA B,2023-06-12,2023-06-20,258.5,247.2,20.0,-226.0,-0.043713733075435246,RuleExit
ERIC B,2023-05-26,2023-06-21,56.79,56.2,96.0,-56.63999999999942,-0.010389153019897845,RuleExit
SEB A,2023-06-16,2023-06-22,120.9,114.75,42.0,-258.3000000000002,-0.05086848635235741,RuleExit
SAAB B,2023-06-20,2023-06-26,153.5,141.35,34.0,-413.10000000000036,-0.07915309446254071,RuleExit
ABB,2023-04-14,2023-07-07,363.5,409.0,14.0,637.0,0.1251719394773041,RuleExit
ERIC B,2023-06-30,2023-07-14,58.41,52.33,93.0,-565.4400000000005,-0.10409176510871421,TrailingStop
ASSA B,2023-07-18,2023-07-20,260.5,249.6,20.0,-218.0,-0.041842610364683286,RuleExit
INVE B,2023-07-25,2023-08-03,216.3,209.2,25.0,-177.5,-0.032824780397596065,RuleExit
VOLV B,2023-06-30,2023-08-08,223.0,227.15,24.0,99.60000000000036,0.018609865470851972,RuleExit
ABB,2023-07-27,2023-08-10,426.5,409.3,11.0,-189.19999999999982,-0.04032825322391553,RuleExit
SEB A,2023-07-04,2023-08-21,121.05,124.9,40.0,154.0,0.03180503923998357,RuleExit
SWED A,2023-06-02,2023-08-22,174.2,190.35,31.0,500.64999999999964,0.09270952927669351,RuleExit
ASSA B,2023-09-01,2023-09-12,248.2,238.1,21.0,-212.10000000000036,-0.040692989524576895,RuleExit
SAND,2023-09-05,2023-09-12,210.7,203.1,24.0,-182.39999999999964,-0.03607024205030851,RuleExit
SAAB B,2023-08-23,2023-09-20,141.75,145.75,38.0,152.0,0.02821869488536155,RuleExit
ERIC B,2023-08-22,2023-09-25,54.17,55.67,99.0,148.5,0.02769060365515963,RuleExit
INVE B,2023-09-20,2023-09-27,217.25,210.25,24.0,-168.0,-0.03222094361334871,RuleExit
SEB A,2023-09-05,2023-10-03,128.95,127.5,42.0,-60.899999999999636,-0.011244668476153463,RuleExit
SWED A,2023-09-14,2023-10-03,199.55,195.45,27.0,-110.70000000000073,-0.020546229015284467,RuleExit
VOLV B,2023-09-14,2023-10-03,225.1,224.55,21.0,-11.549999999999272,-0.002443358507330018,RuleExit
ASSA B,2023-10-10,2023-10-18,247.0,236.1,21.0,-228.90000000000055,-0.04412955465587043,RuleExit
ATCO A,2023-10-10,2023-10-19,150.6,142.8,35.0,-273.0,-0.05179282868525881,RuleExit
INVE B,2023-10-12,2023-10-20,220.2,199.98,24.0,-485.27999999999975,-0.09182561307901904,StopLoss
SWED A,2023-10-10,2023-10-23,205.7,198.3,26.0,-192.39999999999964,-0.03597472046669892,RuleExit
SEB A,2023-10-10,2023-10-24,133.3,129.85,40.0,-138.0,-0.02588147036759203,RuleExit
ERIC B,2023-11-14,2023-12-14,51.38,61.75,103.0,1068.1099999999997,0.20182950564421942,TakeProfit
ATCO A,2023-11-09,2024-01-03,153.8,168.25,34.0,491.2999999999993,0.09395318595578672,RuleExit
ASSA B,2023-11-09,2024-01-03,249.3,278.9,21.0,621.5999999999995,0.11873245086241457,RuleExit
SAND,2023-11-14,2024-01-03,200.7,213.0,26.0,319.8000000000002,0.06128550074738426,RuleExit
ABB,2023-11-14,2024-01-03,397.2,435.6,13.0,499.2000000000007,0.09667673716012093,RuleExit
SWED A,2024-01-04,2024-01-16,207.2,198.55,26.0,-224.89999999999964,-0.04174710424710415,RuleExit
SEB A,2024-01-04,2024-01-16,142.0,137.85,38.0,-157.69999999999982,-0.029225352112676073,RuleExit
ERIC B,2023-12-14,2024-01-19,61.75,61.66,70.0,-6.300000000000182,-0.0014574898785425505,RuleExit
SWED A,2024-01-25,2024-02-08,212.6,210.3,25.0,-57.5,-0.010818438381937856,RuleExit
SAND,2024-01-25,2024-02-09,220.0,213.4,24.0,-158.39999999999964,-0.030000000000000027,RuleExit
SAAB B,2024-01-04,2024-02-12,157.6,190.95,34.0,1133.8999999999996,0.2116116751269035,TakeProfit
SEB A,2024-01-25,2024-03-20,151.85,144.85,36.0,-252.0,-0.04609812314784323,RuleExit
SAAB B,2024-02-12,2024-03-22,190.95,233.6,28.0,1194.2000000000007,0.2233568997119666,TakeProfit
VOLV B,2024-02-12,2024-03-26,263.2,318.0,20.0,1096.0,0.20820668693009114,TakeProfit
ATCO A,2024-02-08,2024-03-28,171.05,180.8,31.0,302.25,0.05700087693656819,RuleExit
VOLV B,2024-03-26,2024-03-28,318.0,290.1,17.0,-474.2999999999993,-0.0877358490566037,StopLoss
INVE B,2024-01-22,2024-04-05,238.7,262.15,22.0,515.8999999999996,0.09824046920821106,RuleExit
ASSA B,2024-03-20,2024-04-09,309.4,304.2,13.0,-67.59999999999991,-0.01680672268907557,RuleExit
SAAB B,2024-03-22,2024-04-09,233.6,221.45,24.0,-291.60000000000036,-0.05201198630136994,RuleExit
SEB A,2024-04-23,2024-05-24,150.05,147.4,37.0,-98.05000000000018,-0.01766077974008673,RuleExit
ERIC B,2024-05-07,2024-06-13,58.38,62.18,96.0,364.7999999999993,0.06509078451524486,RuleExit
SAAB B,2024-05-24,2024-06-14,250.1,241.0,20.0,-182.0,-0.03638544582167136,TrailingStop
INVE B,2024-04-24,2024-06-17,270.0,283.6,20.0,272.0,0.0503703703703704,RuleExit
ATCO A,2024-04-24,2024-06-19,192.95,198.75,28.0,162.40000000000055,0.03005960093288418,RuleExit
ABB,2024-04-18,2024-06-25,532.0,583.2,10.0,512.0,0.09624060150375957,RuleExit
SWED A,2024-07-01,2024-07-09,222.6,211.4,25.0,-280.0,-0.05031446540880502,RuleExit
SAAB B,2024-07-10,2024-07-19,265.7,250.55,21.0,-318.14999999999964,-0.05701919458035365,RuleExit
SEB A,2024-06-28,2024-08-02,156.5,152.0,36.0,-162.0,-0.028753993610223683,RuleExit
INVE B,2024-07-12,2024-08-02,296.1,282.0,19.0,-267.90000000000055,-0.04761904761904767,RuleExit
ASSA B,2024-07-12,2024-08-02,312.2,301.7,17.0,-178.5,-0.03363228699551568,RuleExit
SWED A,2024-07-22,2024-08-02,223.7,215.0,23.0,-200.09999999999945,-0.03889137237371476,RuleExit
ERIC B,2024-07-01,2024-08-05,67.1,69.04,84.0,162.96000000000095,0.02891207153502262,RuleExit
SAND,2024-08-29,2024-09-03,218.2,210.9,25.0,-182.5,-0.033455545371218975,RuleExit
ATCO A,2024-08-29,2024-09-04,187.0,180.0,29.0,-203.0,-0.03743315508021394,RuleExit
INVE B,2024-08-26,2024-09-05,304.2,293.25,18.0,-197.09999999999945,-0.035996055226824475,RuleExit
ERIC B,2024-08-16,2024-09-06,74.3,74.58,75.0,21.0,0.003768506056527565,RuleExit
ASSA B,2024-08-29,2024-09-06,328.6,319.5,17.0,-154.70000000000073,-0.02769324406573348,RuleExit
SWED A,2024-09-05,2024-09-25,221.1,214.7,25.0,-160.0,-0.028946178199909522,RuleExit
INVE B,2024-09-19,2024-10-03,308.6,307.2,17.0,-23.80000000000109,-0.004536616979909369,RuleExit
ASSA B,2024-09-17,2024-10-04,334.6,336.0,16.0,22.399999999999636,0.004184100418409997,RuleExit
ATCO A,2024-09-25,2024-10-10,189.65,192.2,29.0,73.94999999999891,0.01344582124967042,RuleExit
VOLV B,2024-10-04,2024-10-17,273.8,265.0,20.0,-176.0,-0.03214024835646456,RuleExit
ABB,2024-09-25,2024-10-23,594.8,590.4,9.0,-39.600000000000364,-0.007397444519166019,RuleExit
SEB A,2024-10-23,2024-10-24,158.5,149.8,35.0,-304.5,-0.054889589905362746,RuleExit
SAAB B,2024-10-22,2024-10-31,239.55,219.1,23.0,-470.35000000000036,-0.08536839908161142,StopLoss
ERIC B,2024-09-20,2024-11-06,77.28,88.74,71.0,813.6599999999999,0.14829192546583836,RuleExit
SWED A,2024-10-28,2024-11-12,218.2,214.6,25.0,-90.0,-0.016498625114573784,RuleExit
VOLV B,2024-10-18,2024-11-13,274.3,273.7,20.0,-12.0,-0.002187386073642106,RuleExit
ABB,2024-11-05,2024-11-19,611.8,606.8,9.0,-45.0,-0.008172605426610025,RuleExit
SAAB B,2024-11-19,2024-12-09,248.7,230.85,22.0,-392.6999999999998,-0.07177322074788905,RuleExit
SAND,2024-12-09,2024-12-16,215.8,204.9,25.0,-272.5,-0.05050973123262281,RuleExit
ERIC B,2024-12-02,2024-12-17,90.02,89.86,61.0,-9.759999999999309,-0.0017773828038213368,RuleExit
ASSA B,2024-12-03,2024-12-17,343.1,338.8,16.0,-68.80000000000018,-0.012532789274264045,RuleExit
SWED A,2024-12-05,2024-12-17,221.6,216.2,24.0,-129.60000000000036,-0.02436823104693142,RuleExit
ABB,2024-12-02,2024-12-18,632.8,631.6,8.0,-9.599999999999454,-0.0018963337547407422,RuleExit
ERIC B,2025-01-08,2025-01-24,92.02,85.2,59.0,-402.3799999999992,-0.07411432297326659,TrailingStop
SEB A,2025-01-14,2025-01-29,157.9,157.8,34.0,-3.399999999999636,-0.0006333122229258414,RuleExit
INVE B,2025-01-15,2025-02-03,303.7,306.45,18.0,49.5,0.00905498847546915,RuleExit
SAAB B,2025-02-03,2025-02-06,243.3,227.5,22.0,-347.60000000000036,-0.06494040279490343,RuleExit
ATCO A,2025-01-15,2025-02-24,179.95,183.0,29.0,88.45000000000073,0.016949152542372836,RuleExit
SAND,2025-01-24,2025-02-28,232.0,232.7,21.0,14.699999999999818,0.0030172413793103647,RuleExit
SWED A,2025-01-03,2025-03-04,224.3,252.3,24.0,672.0,0.12483281319661166,RuleExit
VOLV B,2025-01-29,2025-03-04,309.8,319.7,17.0,168.29999999999927,0.03195610071013544,RuleExit
INVE B,2025-02-13,2025-03-04,319.8,310.55,17.0,-157.25,-0.028924327704815456,RuleExit
SAAB B,2025-02-24,2025-03-05,299.7,368.7,18.0,1242.0,0.23023023023023015,TakeProfit
ASSA B,2025-03-07,2025-03-14,337.0,316.7,16.0,-324.8000000000002,-0.06023738872403561,RuleExit
SWED A,2025-03-06,2025-03-26,261.6,255.6,21.0,-126.00000000000091,-0.022935779816513846,RuleExit
SEB A,2025-03-03,2025-03-27,175.55,169.35,22.0,-136.40000000000055,-0.035317573340928554,RuleExit
SAAB B,2025-03-05,2025-04-04,368.7,379.4,15.0,160.5,0.029020884187686447,RuleExit
ASSA B,2025-05-02,2025-05-23,299.4,299.2,18.0,-3.600000000000364,-0.0006680026720106147,RuleExit
ERIC B,2025-04-29,2025-05-30,80.3,81.48,69.0,81.42000000000007,0.014694894146949133,RuleExit
ABB,2025-05-02,2025-05-30,526.2,541.8,10.0,156.0,0.029646522234891393,RuleExit
SAAB B,2025-04-11,2025-06-03,413.9,497.65,13.0,1088.75,0.20234356124667796,TakeProfit
SWED A,2025-04-29,2025-06-05,234.4,253.0,23.0,427.8000000000002,0.07935153583617738,RuleExit
SAAB B,2025-06-03,2025-06-10,497.65,429.85,11.0,-745.7999999999993,-0.13624032954887966,TrailingStop
SEB A,2025-06-05,2025-06-23,163.85,162.1,34.0,-59.5,-0.01068050045773572,RuleExit
ABB,2025-06-10,2025-06-23,557.6,547.0,10.0,-106.0,-0.019010043041606917,RuleExit
SAAB B,2025-06-26,2025-07-15,521.0,485.25,10.0,-357.5,-0.06861804222648749,RuleExit
SEB A,2025-06-27,2025-07-16,166.1,162.95,33.0,-103.95000000000073,-0.018964479229379938,RuleExit
VOLV B,2025-07-02,2025-07-18,271.1,259.8,20.0,-226.0,-0.04168203614902255,RuleExit
SAAB B,2025-07-18,2025-07-28,559.2,509.9,9.0,-443.7000000000007,-0.088161659513591,StopLoss
SAND,2025-06-27,2025-08-01,219.4,233.3,25.0,347.5,0.06335460346399269,RuleExit
SWED A,2025-07-29,2025-08-27,259.2,268.3,19.0,172.89999999999964,0.03510802469135821,RuleExit
SEB A,2025-08-07,2025-08-27,174.55,175.4,31.0,26.350000000000364,0.004869664852477751,RuleExit
ABB,2025-07-03,2025-09-01,571.2,628.4,9.0,514.7999999999993,0.10014005602240883,RuleExit
VOLV B,2025-07-23,2025-09-01,286.6,288.5,19.0,36.099999999999454,0.0066294487090019505,RuleExit
ASSA B,2025-07-17,2025-09-02,319.6,327.4,17.0,132.59999999999854,0.024405506883604433,RuleExit
ATCO A,2025-09-01,2025-09-02,153.15,148.55,36.0,-165.60000000000036,-0.030035912504080886,RuleExit
